customer_id,total_spent,customer_segment
7325870000000.0,5708.0,Low-value
7328000000000.0,3690.01,Low-value
7329580000000.0,7070.02,Low-value
7336650000000.0,6530.0,Low-value
7337520000000.0,7324.01,Low-value
7391620000000.0,7394.01,Low-value
7401790000000.0,10854.0,Low-value
7413980000000.0,5557.0,Low-value
7415300000000.0,7319.02,Low-value
7423370000000.0,3645.0,Low-value
7423780000000.0,4140.0,Low-value
7434670000000.0,11952.02,Low-value
7437670000000.0,10380.0,Low-value
7442460000000.0,9615.0,Low-value
7447100000000.0,13889.01,Low-value
7453240000000.0,10905.01,Low-value
7455940000000.0,4449.0,Low-value
7456430000000.0,7504.0,Low-value
7463900000000.0,10398.01,Low-value
7467810000000.0,2712.0,Low-value
7468980000000.0,13700.01,Low-value
7469780000000.0,13333.02,Low-value
7471800000000.0,10910.0,Low-value
7475360000000.0,6524.01,Low-value
7477450000000.0,2077.01,Low-value
7477550000000.0,6409.01,Low-value
7485280000000.0,6568.02,Low-value
7490140000000.0,4982.0,Low-value
7491810000000.0,5334.0,Low-value
7492030000000.0,4051.0,Low-value
7492400000000.0,3600.01,Low-value
7492760000000.0,4880.0,Low-value
7493120000000.0,3159.0,Low-value
7494770000000.0,8175.0,Low-value
7495120000000.0,8318.0,Low-value
7495370000000.0,8419.0,Low-value
7496100000000.0,3997.01,Low-value
7496430000000.0,13088.04,Low-value
7496450000000.0,12237.01,Low-value
7496680000000.0,5743.0,Low-value
7497370000000.0,2949.0,Low-value
7498220000000.0,7414.01,Low-value
7498630000000.0,11806.0,Low-value
7498700000000.0,3062.01,Low-value
7499950000000.0,3933.01,Low-value
7502040000000.0,5689.02,Low-value
7504390000000.0,3821.0,Low-value
7504560000000.0,11905.04,Low-value
7506350000000.0,6114.0,Low-value
7506600000000.0,3764.01,Low-value
7508460000000.0,10870.01,Low-value
7510610000000.0,8764.0,Low-value
7513160000000.0,3600.01,Low-value
7517130000000.0,14032.03,Low-value
7519020000000.0,11710.01,Low-value
7519260000000.0,9509.01,Low-value
7527750000000.0,11393.0,Low-value
7528840000000.0,5476.0,Low-value
7528930000000.0,1329.01,Low-value
7529760000000.0,3958.01,Low-value
7530420000000.0,8757.0,Low-value
7530510000000.0,13929.01,Low-value
7532370000000.0,6299.01,Low-value
7534830000000.0,1890.01,Low-value
7535130000000.0,10775.01,Low-value
7541950000000.0,1745.01,Low-value
7545370000000.0,2104.0,Low-value
7546360000000.0,6039.0,Low-value
7549140000000.0,4586.0,Low-value
7560530000000.0,8916.01,Low-value
7561760000000.0,9998.0,Low-value
7561810000000.0,11713.01,Low-value
7562390000000.0,13806.0,Low-value
7566370000000.0,12899.01,Low-value
7569160000000.0,2968.0,Low-value
7570230000000.0,8333.01,Low-value
7572310000000.0,12503.01,Low-value
7576550000000.0,9026.07,Low-value
7578530000000.0,9588.01,Low-value
7582360000000.0,12428.01,Low-value
7584660000000.0,13125.02,Low-value
7589860000000.0,3031.0,Low-value
7590040000000.0,12827.0,Low-value
7590370000000.0,10089.0,Low-value
7592580000000.0,7060.0,Low-value
7592820000000.0,8284.0,Low-value
7593450000000.0,5097.01,Low-value
7594860000000.0,10004.02,Low-value
7595290000000.0,11001.0,Low-value
7598630000000.0,7913.0,Low-value
7604050000000.0,2345.01,Low-value
7627940000000.0,7674.0,Low-value
7629700000000.0,10250.0,Low-value
7663900000000.0,10918.01,Low-value
7665380000000.0,10838.01,Low-value
7666940000000.0,7215.0,Low-value
7671300000000.0,5503.04,Low-value
7675130000000.0,10565.02,Low-value
7675320000000.0,7949.02,Low-value
7679630000000.0,12113.0,Low-value
7681730000000.0,5425.0,Low-value
7682310000000.0,12430.0,Low-value
7683250000000.0,13537.0,Low-value
7684830000000.0,8103.0,Low-value
7719890000000.0,5365.01,Low-value
7720990000000.0,3079.01,Low-value
7721370000000.0,12322.0,Low-value
7721570000000.0,9680.0,Low-value
7721970000000.0,5975.03,Low-value
7722360000000.0,10310.01,Low-value
7723020000000.0,3895.0,Low-value
7723770000000.0,8114.0,Low-value
7725450000000.0,9510.0,Low-value
7727260000000.0,8977.0,Low-value
7727370000000.0,12489.0,Low-value
7727840000000.0,9510.0,Low-value
7728680000000.0,6773.01,Low-value
7729170000000.0,8589.0,Low-value
7731240000000.0,12252.0,Low-value
7731350000000.0,12517.01,Low-value
7733490000000.0,7264.0,Low-value
7734110000000.0,3335.01,Low-value
7736330000000.0,9359.02,Low-value
7740010000000.0,8294.0,Low-value
7743080000000.0,10922.0,Low-value
7746320000000.0,7366.02,Low-value
7749130000000.0,12345.0,Low-value
7749200000000.0,3863.01,Low-value
7749230000000.0,14214.0,Low-value
7749580000000.0,8526.01,Low-value
7749910000000.0,3974.01,Low-value
7751970000000.0,8024.0,Low-value
7752620000000.0,11303.0,Low-value
7755440000000.0,4330.0,Low-value
7933680000000.0,8958.0,Low-value
7935200000000.0,13470.01,Low-value
7935720000000.0,12007.0,Low-value
7939510000000.0,7851.01,Low-value
7939840000000.0,12855.0,Low-value
7941770000000.0,11727.0,Low-value
7941910000000.0,12473.01,Low-value
7942120000000.0,6530.0,Low-value
7942220000000.0,8075.0,Low-value
7959260000000.0,5502.01,Low-value
7959320000000.0,5232.01,Low-value
7960130000000.0,12362.01,Low-value
7960300000000.0,7869.02,Low-value
7960330000000.0,10002.0,Low-value
7961140000000.0,13887.01,Low-value
7963160000000.0,4830.01,Low-value
7964340000000.0,11444.0,Low-value
7972110000000.0,3212.0,Low-value
7974140000000.0,10219.0,Low-value
7977750000000.0,14322.01,Low-value
7978390000000.0,2179.01,Low-value
7978420000000.0,7281.0,Low-value
7978500000000.0,9888.0,Low-value
7978680000000.0,5223.0,Low-value
7979120000000.0,5752.0,Low-value
7979940000000.0,8003.0,Low-value
7980070000000.0,9016.01,Low-value
7982550000000.0,3743.0,Low-value
7983240000000.0,9209.0,Low-value
7983790000000.0,4144.02,Low-value
7983910000000.0,13696.01,Low-value
7984050000000.0,3054.0,Low-value
7984910000000.0,6649.02,Low-value
7985420000000.0,2580.0,Low-value
7987040000000.0,10213.0,Low-value
7987050000000.0,6575.0,Low-value
7987180000000.0,8386.0,Low-value
7987860000000.0,6179.01,Low-value
7987890000000.0,11235.01,Low-value
7988060000000.0,14216.0,Low-value
7991790000000.0,2560.01,Low-value
7992060000000.0,11636.0,Low-value
7992290000000.0,7620.01,Low-value
7992350000000.0,6755.01,Low-value
7994960000000.0,6955.0,Low-value
7995500000000.0,8628.0,Low-value
7995670000000.0,3639.0,Low-value
7997490000000.0,11393.0,Low-value
7997770000000.0,7966.0,Low-value
7998700000000.0,8280.01,Low-value
7999770000000.0,9624.01,Low-value
8000600000000.0,12979.03,Low-value
8001320000000.0,12789.02,Low-value
8002510000000.0,10499.01,Low-value
8002590000000.0,9124.01,Low-value
8004920000000.0,6769.01,Low-value
8006940000000.0,6820.01,Low-value
8007710000000.0,12352.02,Low-value
8007930000000.0,12378.01,Low-value
8008210000000.0,13041.01,Low-value
8008390000000.0,11030.02,Low-value
8009290000000.0,5952.0,Low-value
8009590000000.0,10933.02,Low-value
8009630000000.0,13984.0,Low-value
8009650000000.0,14024.02,Low-value
8009670000000.0,9996.01,Low-value
8010760000000.0,14086.01,Low-value
8010980000000.0,12752.05,Low-value
8011930000000.0,9392.01,Low-value
8012510000000.0,2758.01,Low-value
8013220000000.0,1494.0,Low-value
8013360000000.0,10775.0,Low-value
8015330000000.0,3408.0,Low-value
8015460000000.0,9453.0,Low-value
8016430000000.0,3836.0,Low-value
8018210000000.0,6050.01,Low-value
8018330000000.0,9953.0,Low-value
8018870000000.0,13868.0,Low-value
8019630000000.0,7577.0,Low-value
8020300000000.0,7824.0,Low-value
8021980000000.0,9931.0,Low-value
8022420000000.0,11778.0,Low-value
8023140000000.0,7262.0,Low-value
8023690000000.0,11480.02,Low-value
8023990000000.0,14079.0,Low-value
8024760000000.0,11494.01,Low-value
8025270000000.0,4309.01,Low-value
8025580000000.0,8488.01,Low-value
8026450000000.0,9259.03,Low-value
8027220000000.0,5395.0,Low-value
8028370000000.0,7700.01,Low-value
8028990000000.0,10482.01,Low-value
8029050000000.0,5480.0,Low-value
8029200000000.0,13894.0,Low-value
8029640000000.0,8555.02,Low-value
8029710000000.0,4247.01,Low-value
8029790000000.0,13616.01,Low-value
8030550000000.0,9636.0,Low-value
8031360000000.0,12388.0,Low-value
8032220000000.0,14204.01,Low-value
8032450000000.0,6688.0,Low-value
8033150000000.0,8940.0,Low-value
8033300000000.0,2508.0,Low-value
8033610000000.0,3262.0,Low-value
8033620000000.0,9759.02,Low-value
8034050000000.0,12886.02,Low-value
8034310000000.0,7098.0,Low-value
8035320000000.0,13682.01,Low-value
8035970000000.0,2611.0,Low-value
8037180000000.0,7700.0,Low-value
8037210000000.0,2951.01,Low-value
8037230000000.0,6229.01,Low-value
8038920000000.0,12175.0,Low-value
8040770000000.0,4390.0,Low-value
8040850000000.0,4283.0,Low-value
8041700000000.0,5414.01,Low-value
8041740000000.0,13201.0,Low-value
8042090000000.0,5425.0,Low-value
8043410000000.0,11550.01,Low-value
8043650000000.0,949.01,Low-value
8043920000000.0,9513.0,Low-value
8045040000000.0,12770.0,Low-value
8045440000000.0,12025.01,Low-value
8047150000000.0,12166.01,Low-value
8047400000000.0,11685.01,Low-value
8048070000000.0,12242.01,Low-value
8048330000000.0,5703.0,Low-value
8049110000000.0,5466.0,Low-value
8049960000000.0,8450.03,Low-value
8050100000000.0,11948.01,Low-value
8051190000000.0,2364.0,Low-value
8051250000000.0,14088.0,Low-value
8051470000000.0,12723.02,Low-value
8051530000000.0,7704.0,Low-value
8052330000000.0,5951.01,Low-value
8053800000000.0,2218.0,Low-value
8053860000000.0,11874.02,Low-value
8054780000000.0,6421.0,Low-value
8054850000000.0,9773.0,Low-value
8054980000000.0,11095.02,Low-value
8055180000000.0,6834.01,Low-value
8055800000000.0,6880.02,Low-value
8056160000000.0,8808.02,Low-value
8056200000000.0,11305.01,Low-value
8056630000000.0,5724.0,Low-value
8056700000000.0,3970.01,Low-value
8057290000000.0,1630.0,Low-value
8057530000000.0,5044.0,Low-value
8058450000000.0,6255.02,Low-value
8058490000000.0,6870.01,Low-value
8059710000000.0,4921.0,Low-value
8059890000000.0,10848.02,Low-value
8059950000000.0,11962.02,Low-value
8060530000000.0,7880.0,Low-value
8061280000000.0,1760.0,Low-value
8061320000000.0,7698.01,Low-value
8061470000000.0,12503.01,Low-value
8061810000000.0,2082.0,Low-value
8062070000000.0,11077.01,Low-value
8062290000000.0,2090.01,Low-value
8062730000000.0,5975.0,Low-value
8063050000000.0,8595.01,Low-value
8064060000000.0,8499.0,Low-value
8064390000000.0,6247.01,Low-value
8065830000000.0,8559.0,Low-value
8066560000000.0,2698.0,Low-value
8068280000000.0,5544.0,Low-value
8069750000000.0,10497.02,Low-value
8072330000000.0,5168.0,Low-value
8074260000000.0,14060.0,Low-value
8075060000000.0,7073.0,Low-value
8075320000000.0,13143.01,Low-value
8076520000000.0,10621.04,Low-value
8077680000000.0,4588.02,Low-value
8078530000000.0,10877.0,Low-value
8079000000000.0,10630.01,Low-value
8079040000000.0,11747.0,Low-value
8079470000000.0,1906.0,Low-value
8079520000000.0,7796.0,Low-value
8080370000000.0,7546.0,Low-value
8081380000000.0,8722.0,Low-value
8081550000000.0,6717.0,Low-value
8081580000000.0,3313.0,Low-value
8082180000000.0,9390.0,Low-value
8082500000000.0,5044.02,Low-value
8083660000000.0,12153.0,Low-value
8084130000000.0,7400.01,Low-value
8084680000000.0,8496.02,Low-value
8084880000000.0,6070.0,Low-value
8084980000000.0,10086.0,Low-value
8085750000000.0,9657.0,Low-value
8085850000000.0,10074.01,Low-value
8086070000000.0,10987.01,Low-value
8086210000000.0,6930.0,Low-value
8086550000000.0,6346.0,Low-value
8086610000000.0,5947.01,Low-value
8086730000000.0,10580.01,Low-value
8087540000000.0,12914.0,Low-value
8089300000000.0,12074.01,Low-value
8090380000000.0,3602.0,Low-value
8090500000000.0,14161.0,Low-value
8090730000000.0,6715.0,Low-value
8090850000000.0,7359.01,Low-value
8091220000000.0,13587.02,Low-value
8091380000000.0,12631.0,Low-value
8092700000000.0,11266.02,Low-value
8093890000000.0,5977.0,Low-value
8094140000000.0,5786.0,Low-value
8094210000000.0,6431.0,Low-value
8095320000000.0,8397.0,Low-value
8096230000000.0,12030.0,Low-value
8096600000000.0,7973.0,Low-value
8097280000000.0,9071.0,Low-value
8097340000000.0,8683.01,Low-value
8097360000000.0,11663.01,Low-value
8097630000000.0,4120.0,Low-value
8097890000000.0,12069.02,Low-value
8098230000000.0,7295.0,Low-value
8098710000000.0,13605.0,Low-value
8099470000000.0,5865.01,Low-value
8102190000000.0,12084.01,Low-value
8102210000000.0,8154.01,Low-value
8102340000000.0,9321.01,Low-value
8104920000000.0,14152.01,Low-value
8105560000000.0,14063.0,Low-value
8106460000000.0,7664.02,Low-value
8106740000000.0,13341.02,Low-value
8107120000000.0,14226.029999999999,Low-value
8107190000000.0,7772.02,Low-value
8107290000000.0,12425.04,Low-value
8108790000000.0,14081.0,Low-value
8110830000000.0,2600.01,Low-value
8111080000000.0,6375.0,Low-value
8111700000000.0,3254.01,Low-value
8111810000000.0,11348.01,Low-value
8112170000000.0,4118.0,Low-value
8113230000000.0,11936.01,Low-value
8114380000000.0,13259.01,Low-value
8114630000000.0,3847.0,Low-value
8114850000000.0,11795.0,Low-value
8115260000000.0,6381.0,Low-value
8115320000000.0,8296.01,Low-value
8115670000000.0,10561.0,Low-value
8115900000000.0,4400.0,Low-value
8116020000000.0,3215.01,Low-value
8116120000000.0,6272.01,Low-value
8116240000000.0,10827.0,Low-value
8116780000000.0,7671.02,Low-value
8117000000000.0,2090.01,Low-value
8118580000000.0,12773.01,Low-value
8119470000000.0,3012.0,Low-value
8119950000000.0,13005.5,Low-value
8120590000000.0,11521.0,Low-value
8120830000000.0,11145.01,Low-value
8120940000000.0,11914.01,Low-value
8121640000000.0,11672.01,Low-value
8121880000000.0,12240.03,Low-value
8122300000000.0,12550.01,Low-value
8123000000000.0,13299.0,Low-value
8124600000000.0,7513.01,Low-value
8124650000000.0,1866.01,Low-value
8124850000000.0,6991.0,Low-value
8124880000000.0,12514.02,Low-value
8124900000000.0,13400.01,Low-value
8125920000000.0,1684.01,Low-value
8125960000000.0,4390.03,Low-value
8127330000000.0,7552.01,Low-value
8127360000000.0,5476.0,Low-value
8127460000000.0,12399.02,Low-value
8127510000000.0,9423.0,Low-value
8127580000000.0,4592.01,Low-value
8127750000000.0,9898.02,Low-value
8128600000000.0,5360.0,Low-value
8128840000000.0,7445.030000000001,Low-value
8128900000000.0,14204.01,Low-value
8129080000000.0,7530.01,Low-value
8129330000000.0,11064.02,Low-value
8129340000000.0,12385.0,Low-value
8129780000000.0,5454.0,Low-value
8130170000000.0,7736.01,Low-value
8130260000000.0,9837.0,Low-value
8130430000000.0,10763.01,Low-value
8130900000000.0,5352.01,Low-value
8131080000000.0,2283.0,Low-value
8131980000000.0,8334.01,Low-value
8132210000000.0,11642.0,Low-value
8132570000000.0,7673.01,Low-value
8132850000000.0,5789.01,Low-value
8133090000000.0,6565.01,Low-value
8133140000000.0,2879.01,Low-value
8133220000000.0,13225.03,Low-value
8133850000000.0,8504.0,Low-value
8135050000000.0,12005.0,Low-value
8135090000000.0,5176.02,Low-value
8135460000000.0,3950.02,Low-value
8136690000000.0,7859.0,Low-value
8136780000000.0,3379.0,Low-value
8137020000000.0,9458.03,Low-value
8139310000000.0,9781.02,Low-value
8139350000000.0,3033.0,Low-value
8140660000000.0,8332.02,Low-value
8140690000000.0,7489.0,Low-value
8140700000000.0,9425.0,Low-value
8140730000000.0,6554.01,Low-value
8141650000000.0,14001.0,Low-value
8142020000000.0,7613.01,Low-value
8142030000000.0,14074.01,Low-value
8142770000000.0,14155.02,Low-value
8142940000000.0,8486.0,Low-value
8143090000000.0,10681.0,Low-value
8143170000000.0,3739.03,Low-value
8143620000000.0,9749.0,Low-value
8143900000000.0,5575.0,Low-value
8143950000000.0,11790.02,Low-value
8143970000000.0,8264.01,Low-value
8144260000000.0,2154.01,Low-value
8144810000000.0,6732.01,Low-value
8144870000000.0,5043.01,Low-value
8144970000000.0,8547.01,Low-value
8145860000000.0,2029.0,Low-value
8145890000000.0,5849.01,Low-value
8146630000000.0,3131.01,Low-value
8147150000000.0,11501.01,Low-value
8148660000000.0,10126.0,Low-value
8148750000000.0,10017.01,Low-value
8149760000000.0,5111.0,Low-value
8150130000000.0,3301.01,Low-value
8150230000000.0,12977.01,Low-value
8150780000000.0,10737.01,Low-value
8151430000000.0,7190.01,Low-value
8151510000000.0,2859.0,Low-value
8152560000000.0,7447.01,Low-value
8152620000000.0,8968.0,Low-value
8154110000000.0,6703.0,Low-value
8155040000000.0,10069.0,Low-value
8155320000000.0,4517.03,Low-value
8155340000000.0,1687.01,Low-value
8155370000000.0,2610.0,Low-value
8155430000000.0,6729.01,Low-value
8156190000000.0,2919.02,Low-value
8156870000000.0,13078.01,Low-value
8156880000000.0,4600.02,Low-value
8157490000000.0,6814.0,Low-value
8158870000000.0,6713.0,Low-value
8158940000000.0,6203.01,Low-value
8158970000000.0,12665.0,Low-value
8159000000000.0,6764.0,Low-value
8164530000000.0,10209.02,Low-value
8166020000000.0,5920.0,Low-value
8166630000000.0,13057.0,Low-value
8167940000000.0,3876.02,Low-value
8169180000000.0,7138.0,Low-value
8170640000000.0,2607.02,Low-value
8171070000000.0,5951.01,Low-value
8172830000000.0,2258.0,Low-value
8172850000000.0,12465.0,Low-value
8173260000000.0,3802.04,Low-value
8173440000000.0,10733.01,Low-value
8174020000000.0,3787.01,Low-value
8174950000000.0,12863.0,Low-value
8175650000000.0,12187.01,Low-value
8176410000000.0,14137.03,Low-value
8176590000000.0,8845.02,Low-value
8176730000000.0,10157.0,Low-value
8178200000000.0,2595.0,Low-value
8178530000000.0,13723.03,Low-value
8179590000000.0,8807.01,Low-value
8179800000000.0,11688.01,Low-value
8179980000000.0,2537.01,Low-value
8180100000000.0,4567.01,Low-value
8180550000000.0,9586.0,Low-value
8181040000000.0,13504.0,Low-value
8181180000000.0,7325.0,Low-value
8181200000000.0,7244.0,Low-value
8181540000000.0,13312.02,Low-value
8181740000000.0,10354.03,Low-value
8182160000000.0,12758.0,Low-value
8182250000000.0,10260.0,Low-value
8182370000000.0,5312.0,Low-value
8183340000000.0,6397.0,Low-value
8183390000000.0,4371.0,Low-value
8183490000000.0,4630.01,Low-value
8183500000000.0,6046.0,Low-value
8183540000000.0,13604.01,Low-value
8183840000000.0,11861.0,Low-value
8185680000000.0,10846.0,Low-value
8187280000000.0,9048.01,Low-value
8187370000000.0,10216.0,Low-value
8188380000000.0,7195.0,Low-value
8188770000000.0,7278.0,Low-value
8188940000000.0,4562.01,Low-value
8189040000000.0,7885.0,Low-value
8189230000000.0,6938.01,Low-value
8189550000000.0,13486.0,Low-value
8190820000000.0,13897.02,Low-value
8190950000000.0,3821.02,Low-value
8191340000000.0,7928.03,Low-value
8191860000000.0,5688.0,Low-value
8191970000000.0,12183.0,Low-value
8192080000000.0,11420.01,Low-value
8192250000000.0,9862.01,Low-value
8192360000000.0,4263.01,Low-value
8192390000000.0,6701.02,Low-value
8194330000000.0,8002.01,Low-value
8194360000000.0,13794.01,Low-value
8194430000000.0,14232.0,Low-value
8195300000000.0,14080.01,Low-value
8195530000000.0,5525.01,Low-value
8195570000000.0,12901.02,Low-value
8196400000000.0,11391.0,Low-value
8197170000000.0,9505.0,Low-value
8197440000000.0,3594.0,Low-value
8197480000000.0,13565.0,Low-value
8201800000000.0,8486.01,Low-value
8202790000000.0,4383.0,Low-value
8202800000000.0,11833.0,Low-value
8203580000000.0,3460.02,Low-value
8203820000000.0,6454.01,Low-value
8207030000000.0,11094.0,Low-value
8212320000000.0,13752.02,Low-value
8212420000000.0,4136.01,Low-value
8212600000000.0,9174.0,Low-value
8212890000000.0,6226.0,Low-value
8213840000000.0,11606.01,Low-value
8214450000000.0,12034.04,Low-value
8215130000000.0,4537.02,Low-value
8215340000000.0,7277.0,Low-value
8215810000000.0,7389.01,Low-value
8216590000000.0,10559.01,Low-value
8216930000000.0,7231.0,Low-value
8218510000000.0,13208.02,Low-value
8218660000000.0,9942.02,Low-value
8219340000000.0,3654.0,Low-value
8219720000000.0,6411.01,Low-value
8220050000000.0,2889.01,Low-value
8220320000000.0,11173.01,Low-value
8221010000000.0,14018.02,Low-value
8221100000000.0,12587.0,Low-value
8221140000000.0,10617.01,Low-value
8221360000000.0,11431.01,Low-value
8222780000000.0,12013.01,Low-value
8223320000000.0,9635.01,Low-value
8223380000000.0,4752.0,Low-value
8228120000000.0,8242.01,Low-value
8228680000000.0,12396.01,Low-value
8229630000000.0,12618.01,Low-value
8230420000000.0,9486.0,Low-value
8230700000000.0,11358.0,Low-value
8230980000000.0,2839.0,Low-value
8231150000000.0,8519.0,Low-value
8231200000000.0,7657.01,Low-value
8231530000000.0,3749.0,Low-value
8232150000000.0,6110.0,Low-value
8232330000000.0,11533.0,Low-value
8232390000000.0,3951.0,Low-value
8232450000000.0,10813.02,Low-value
8232900000000.0,11560.0,Low-value
8233170000000.0,10893.01,Low-value
8233300000000.0,5036.01,Low-value
8233430000000.0,4874.01,Low-value
8233450000000.0,13314.01,Low-value
8234270000000.0,11915.01,Low-value
8234290000000.0,9079.0,Low-value
8234540000000.0,3029.01,Low-value
8234610000000.0,7176.0,Low-value
8235210000000.0,13694.04,Low-value
8235250000000.0,11489.0,Low-value
8235370000000.0,7295.0,Low-value
8235410000000.0,3035.0,Low-value
8236120000000.0,1849.0,Low-value
8236300000000.0,13046.02,Low-value
8236510000000.0,7028.0,Low-value
8236740000000.0,6640.02,Low-value
8236790000000.0,12826.01,Low-value
8236910000000.0,9794.01,Low-value
8237210000000.0,12632.01,Low-value
8238180000000.0,3822.0,Low-value
8238450000000.0,10159.0,Low-value
8238460000000.0,4197.0,Low-value
8239450000000.0,12847.02,Low-value
8239590000000.0,6242.0,Low-value
8240400000000.0,4461.01,Low-value
8240440000000.0,9281.01,Low-value
8240640000000.0,4596.0,Low-value
8241400000000.0,13625.01,Low-value
8241460000000.0,4009.0,Low-value
8241860000000.0,12000.0,Low-value
8242070000000.0,14282.0,Low-value
8242590000000.0,5810.01,Low-value
8244500000000.0,5083.0,Low-value
8244920000000.0,9796.0,Low-value
8245780000000.0,7771.0,Low-value
8245910000000.0,4122.0,Low-value
8246210000000.0,1727.0,Low-value
8246980000000.0,8470.01,Low-value
8247050000000.0,5362.02,Low-value
8247070000000.0,12384.0,Low-value
8247350000000.0,12230.01,Low-value
8247460000000.0,3353.0,Low-value
8247590000000.0,10797.0,Low-value
8247690000000.0,13341.01,Low-value
8247850000000.0,4126.0,Low-value
8247950000000.0,8971.0,Low-value
8247990000000.0,5839.0,Low-value
8248230000000.0,1836.0,Low-value
8248270000000.0,3502.01,Low-value
8249230000000.0,9440.0,Low-value
8249250000000.0,7977.01,Low-value
8249670000000.0,5469.0,Low-value
8250350000000.0,11687.01,Low-value
8250830000000.0,10916.02,Low-value
8250840000000.0,12525.01,Low-value
8251150000000.0,6651.0,Low-value
8251190000000.0,7866.02,Low-value
8251790000000.0,6678.0,Low-value
8252040000000.0,6246.01,Low-value
8254270000000.0,14198.04,Low-value
8254580000000.0,2293.0,Low-value
8254600000000.0,10705.01,Low-value
8254870000000.0,6751.02,Low-value
8254940000000.0,13341.0,Low-value
8254970000000.0,3232.01,Low-value
8255050000000.0,8739.0,Low-value
8256570000000.0,9976.01,Low-value
8258050000000.0,8876.01,Low-value
8258160000000.0,14143.0,Low-value
8258320000000.0,10675.0,Low-value
8258340000000.0,4138.0,Low-value
8258350000000.0,10957.0,Low-value
8258500000000.0,13577.02,Low-value
8259150000000.0,3180.01,Low-value
8260520000000.0,10287.02,Low-value
8261440000000.0,5583.02,Low-value
8261580000000.0,4743.0,Low-value
8261590000000.0,5053.02,Low-value
8261810000000.0,9160.01,Low-value
8262130000000.0,12452.0,Low-value
8263120000000.0,6740.0,Low-value
8263180000000.0,9225.0,Low-value
8263890000000.0,4690.0,Low-value
8265050000000.0,12322.01,Low-value
8265640000000.0,7575.01,Low-value
8265650000000.0,2213.0,Low-value
8266060000000.0,3787.0,Low-value
8266070000000.0,12577.01,Low-value
8266120000000.0,6315.01,Low-value
8266140000000.0,12565.01,Low-value
8266190000000.0,7873.01,Low-value
8266270000000.0,8558.0,Low-value
8266550000000.0,14015.01,Low-value
8266780000000.0,12274.04,Low-value
8267350000000.0,12471.01,Low-value
8267410000000.0,9534.0,Low-value
8267490000000.0,10188.01,Low-value
8268060000000.0,12506.0,Low-value
8268160000000.0,12610.01,Low-value
8268290000000.0,3895.01,Low-value
8268300000000.0,9003.0,Low-value
8268370000000.0,4226.0,Low-value
8269220000000.0,7616.0,Low-value
8269230000000.0,5765.01,Low-value
8269240000000.0,9752.02,Low-value
8269660000000.0,9143.02,Low-value
8270110000000.0,6476.0,Low-value
8270290000000.0,11283.03,Low-value
8270700000000.0,9672.01,Low-value
8271350000000.0,9727.01,Low-value
8271390000000.0,3922.01,Low-value
8271410000000.0,12026.0,Low-value
8271530000000.0,12718.01,Low-value
8271840000000.0,5942.0,Low-value
8272300000000.0,8745.0,Low-value
8272710000000.0,9471.01,Low-value
8272980000000.0,10342.0,Low-value
8274130000000.0,9982.0,Low-value
8274250000000.0,10282.03,Low-value
8274390000000.0,10944.02,Low-value
8274570000000.0,5493.0,Low-value
8274690000000.0,9863.01,Low-value
8274760000000.0,7923.0,Low-value
8274920000000.0,7459.01,Low-value
8275240000000.0,7512.01,Low-value
8275970000000.0,4489.01,Low-value
8275980000000.0,2422.0,Low-value
8275990000000.0,5175.01,Low-value
8276050000000.0,6680.0,Low-value
8276540000000.0,8955.01,Low-value
8276690000000.0,4081.0,Low-value
8277670000000.0,8215.01,Low-value
8277850000000.0,3025.0,Low-value
8277930000000.0,7335.01,Low-value
8278250000000.0,2547.01,Low-value
8280240000000.0,6385.02,Low-value
8280250000000.0,12659.0,Low-value
8282400000000.0,8715.02,Low-value
8282470000000.0,1682.0,Low-value
8283660000000.0,9576.01,Low-value
8283670000000.0,11637.02,Low-value
8283770000000.0,1790.01,Low-value
8283840000000.0,4379.01,Low-value
8284470000000.0,12526.0,Low-value
8284550000000.0,11159.06,Low-value
8284700000000.0,7956.0,Low-value
8285680000000.0,10111.01,Low-value
8285710000000.0,10773.01,Low-value
8286450000000.0,4213.0,Low-value
8286550000000.0,12185.0,Low-value
8286780000000.0,11701.01,Low-value
8287300000000.0,6757.0,Low-value
8287380000000.0,11695.0,Low-value
8287840000000.0,6404.0,Low-value
8292930000000.0,9263.01,Low-value
8293030000000.0,5710.0,Low-value
8293540000000.0,12847.01,Low-value
8294510000000.0,4274.0,Low-value
8294670000000.0,12885.0,Low-value
8295020000000.0,9654.02,Low-value
8295130000000.0,13927.0,Low-value
8296050000000.0,5540.01,Low-value
8296160000000.0,6652.01,Low-value
8296420000000.0,12906.0,Low-value
8296830000000.0,6178.0,Low-value
8297290000000.0,6775.0,Low-value
8297490000000.0,12639.0,Low-value
8297700000000.0,13999.01,Low-value
8298450000000.0,7906.02,Low-value
8298500000000.0,3540.01,Low-value
8298720000000.0,9990.01,Low-value
8299680000000.0,1814.0,Low-value
8299810000000.0,9722.0,Low-value
8299830000000.0,11167.0,Low-value
8299850000000.0,11390.01,Low-value
8300090000000.0,5934.01,Low-value
8300580000000.0,4921.0,Low-value
8300670000000.0,11550.01,Low-value
8301120000000.0,7568.01,Low-value
8301230000000.0,13862.02,Low-value
8301970000000.0,11406.0,Low-value
8302080000000.0,10527.01,Low-value
8302110000000.0,6826.01,Low-value
8304480000000.0,2224.0,Low-value
8305380000000.0,12147.01,Low-value
8305600000000.0,6196.01,Low-value
8305610000000.0,12283.02,Low-value
8305640000000.0,10853.0,Low-value
8307120000000.0,10654.0,Low-value
8307260000000.0,5508.0,Low-value
8307430000000.0,11825.0,Low-value
8310900000000.0,9851.01,Low-value
8311510000000.0,8405.0,Low-value
8311590000000.0,10566.01,Low-value
8311610000000.0,1848.01,Low-value
8311780000000.0,10083.01,Low-value
8312380000000.0,6419.0,Low-value
8312430000000.0,12659.0,Low-value
8315810000000.0,6881.02,Low-value
8316080000000.0,10405.01,Low-value
8316900000000.0,11311.0,Low-value
8317910000000.0,7509.01,Low-value
8318650000000.0,14188.02,Low-value
8319920000000.0,8629.01,Low-value
8320120000000.0,1971.0,Low-value
8320900000000.0,1628.01,Low-value
8320990000000.0,5385.0,Low-value
8321090000000.0,5726.0,Low-value
8322110000000.0,8650.0,Low-value
8322590000000.0,2106.01,Low-value
8322600000000.0,4743.0,Low-value
8322720000000.0,7676.0,Low-value
8322890000000.0,3784.0,Low-value
8323520000000.0,7479.01,Low-value
8323530000000.0,3485.01,Low-value
8324070000000.0,6459.0,Low-value
8324090000000.0,8050.04,Low-value
8324160000000.0,7083.01,Low-value
8324870000000.0,10225.02,Low-value
8324980000000.0,4734.01,Low-value
8325070000000.0,2136.01,Low-value
8326890000000.0,10433.02,Low-value
8327010000000.0,5620.0,Low-value
8327190000000.0,7408.01,Low-value
8327280000000.0,13506.0,Low-value
8328240000000.0,2578.0,Low-value
8328450000000.0,3859.02,Low-value
8328460000000.0,10537.01,Low-value
8330250000000.0,2370.0,Low-value
8330360000000.0,5972.0,Low-value
8330910000000.0,12745.0,Low-value
8331150000000.0,4577.0,Low-value
8331390000000.0,5719.0,Low-value
8331480000000.0,8906.01,Low-value
8331870000000.0,5151.0,Low-value
8331920000000.0,7695.0,Low-value
8331940000000.0,8740.02,Low-value
8332540000000.0,12514.02,Low-value
8332600000000.0,8519.0,Low-value
8332990000000.0,11263.02,Low-value
8333320000000.0,4980.0,Low-value
8333340000000.0,9923.0,Low-value
8334100000000.0,10749.02,Low-value
8335270000000.0,10566.01,Low-value
8335520000000.0,8364.01,Low-value
8336290000000.0,10717.01,Low-value
8336330000000.0,10315.04,Low-value
8336610000000.0,13928.02,Low-value
8336650000000.0,12186.02,Low-value
8336930000000.0,9242.0,Low-value
8337220000000.0,3806.01,Low-value
8337720000000.0,5996.01,Low-value
8337780000000.0,8072.01,Low-value
8337820000000.0,11205.0,Low-value
8338160000000.0,11462.0,Low-value
8339350000000.0,6494.0,Low-value
8339370000000.0,3108.01,Low-value
8339730000000.0,7187.01,Low-value
8340050000000.0,4431.01,Low-value
8340780000000.0,7107.01,Low-value
8340920000000.0,5774.01,Low-value
8340980000000.0,6832.0,Low-value
8341360000000.0,9943.02,Low-value
8342150000000.0,7834.01,Low-value
8342290000000.0,14269.0,Low-value
8342370000000.0,13558.01,Low-value
8342460000000.0,6980.01,Low-value
8343000000000.0,8149.0,Low-value
8343210000000.0,13744.0,Low-value
8343260000000.0,10927.02,Low-value
8343490000000.0,13719.03,Low-value
8343940000000.0,10650.01,Low-value
8344620000000.0,2721.0,Low-value
8344730000000.0,12055.02,Low-value
8344820000000.0,10405.02,Low-value
8344900000000.0,13354.0,Low-value
8345550000000.0,7611.02,Low-value
8345710000000.0,9490.01,Low-value
8345800000000.0,9273.0,Low-value
8345870000000.0,12267.0,Low-value
8347290000000.0,14226.0,Low-value
8347360000000.0,2379.02,Low-value
8347460000000.0,4813.01,Low-value
8347740000000.0,12688.03,Low-value
8347910000000.0,10725.01,Low-value
8347950000000.0,5094.01,Low-value
8348490000000.0,10207.01,Low-value
8348590000000.0,9494.01,Low-value
8348650000000.0,7660.0,Low-value
8349050000000.0,13128.01,Low-value
8349640000000.0,11514.0,Low-value
8349650000000.0,5308.02,Low-value
8350150000000.0,1193.01,Low-value
8351050000000.0,8109.01,Low-value
8351290000000.0,5502.02,Low-value
8351340000000.0,11711.01,Low-value
8352130000000.0,10430.06,Low-value
8352260000000.0,11562.0,Low-value
8352700000000.0,13716.01,Low-value
8352830000000.0,7278.01,Low-value
8352880000000.0,13012.0,Low-value
8353750000000.0,8121.0,Low-value
8354000000000.0,10171.0,Low-value
8354200000000.0,6969.02,Low-value
8354710000000.0,6093.0,Low-value
8354720000000.0,3926.02,Low-value
8355340000000.0,13223.02,Low-value
8355780000000.0,5207.01,Low-value
8356000000000.0,8868.02,Low-value
8356860000000.0,12503.01,Low-value
8357030000000.0,8113.0,Low-value
8357300000000.0,11529.02,Low-value
8357340000000.0,7895.0,Low-value
8357880000000.0,7981.0,Low-value
8358020000000.0,11931.03,Low-value
8358420000000.0,10801.01,Low-value
8358550000000.0,11362.02,Low-value
8358800000000.0,8393.0,Low-value
8358890000000.0,13119.0,Low-value
8359220000000.0,5062.01,Low-value
8359240000000.0,4273.01,Low-value
8359260000000.0,13943.0,Low-value
8359480000000.0,11252.0,Low-value
8359580000000.0,14146.01,Low-value
8360050000000.0,7296.01,Low-value
8360090000000.0,14267.02,Low-value
8360110000000.0,8369.01,Low-value
8360150000000.0,9831.01,Low-value
8360280000000.0,13457.01,Low-value
8360300000000.0,3446.02,Low-value
8360430000000.0,11401.01,Low-value
8360470000000.0,12249.02,Low-value
8360700000000.0,9553.0,Low-value
8361300000000.0,9811.0,Low-value
8361410000000.0,4957.01,Low-value
8361440000000.0,3625.0,Low-value
8361500000000.0,3010.0,Low-value
8362120000000.0,12107.0,Low-value
8362850000000.0,12755.01,Low-value
8363200000000.0,10472.0,Low-value
8363220000000.0,10723.0,Low-value
8363510000000.0,8716.0,Low-value
8363620000000.0,9045.0,Low-value
8363740000000.0,9963.02,Low-value
8363790000000.0,10968.0,Low-value
8363800000000.0,12423.01,Low-value
8364000000000.0,13651.01,Low-value
8364140000000.0,2754.01,Low-value
8364160000000.0,9196.03,Low-value
8365480000000.0,5070.02,Low-value
8366210000000.0,6640.01,Low-value
8366250000000.0,10017.0,Low-value
8366310000000.0,13843.01,Low-value
8366420000000.0,9871.01,Low-value
8366690000000.0,12195.0,Low-value
8366820000000.0,12057.02,Low-value
8366870000000.0,11181.0,Low-value
8367060000000.0,5980.01,Low-value
8367310000000.0,1655.01,Low-value
8367460000000.0,2627.0,Low-value
8367600000000.0,11810.01,Low-value
8367810000000.0,7894.01,Low-value
8368380000000.0,2268.0,Low-value
8368500000000.0,12179.01,Low-value
8368850000000.0,5658.0,Low-value
8369380000000.0,9552.0,Low-value
8369920000000.0,13248.01,Low-value
8370010000000.0,5634.01,Low-value
8370090000000.0,8880.0,Low-value
8370250000000.0,11757.0,Low-value
8370400000000.0,5043.0,Low-value
8371480000000.0,8671.01,Low-value
8371550000000.0,2755.01,Low-value
8371680000000.0,7688.01,Low-value
8371800000000.0,4891.0,Low-value
8372960000000.0,5162.0,Low-value
8373030000000.0,2808.02,Low-value
8373280000000.0,3801.01,Low-value
8373410000000.0,4173.0,Low-value
8373520000000.0,9355.0,Low-value
8373540000000.0,13652.0,Low-value
8374010000000.0,6451.01,Low-value
8374060000000.0,9888.01,Low-value
8374450000000.0,12433.0,Low-value
8374490000000.0,5533.01,Low-value
8374590000000.0,3485.0,Low-value
8374650000000.0,3188.01,Low-value
8374670000000.0,12078.01,Low-value
8375240000000.0,3153.01,Low-value
8375790000000.0,7690.02,Low-value
8376450000000.0,13498.029999999999,Low-value
8376660000000.0,12701.0,Low-value
8376750000000.0,10404.03,Low-value
8376860000000.0,10077.01,Low-value
8376980000000.0,6776.02,Low-value
8377240000000.0,13378.02,Low-value
8377510000000.0,4206.0,Low-value
8377750000000.0,14008.0,Low-value
8377770000000.0,6543.01,Low-value
8377780000000.0,4707.0,Low-value
8377860000000.0,10707.0,Low-value
8377970000000.0,7496.02,Low-value
8378190000000.0,14165.0,Low-value
8378220000000.0,5606.01,Low-value
8378300000000.0,10798.0,Low-value
8378350000000.0,10521.01,Low-value
8379100000000.0,2419.01,Low-value
8382560000000.0,9237.01,Low-value
8384770000000.0,11641.0,Low-value
8386040000000.0,12222.01,Low-value
8386150000000.0,13085.02,Low-value
8386620000000.0,12252.0,Low-value
8386640000000.0,11267.0,Low-value
8386890000000.0,6848.02,Low-value
8387010000000.0,2343.01,Low-value
8387620000000.0,4751.01,Low-value
8387710000000.0,6911.01,Low-value
8387770000000.0,11868.0,Low-value
8387780000000.0,10879.0,Low-value
8388200000000.0,3844.0,Low-value
8388210000000.0,8245.0,Low-value
8388230000000.0,4337.0,Low-value
8388390000000.0,7826.01,Low-value
8388440000000.0,6290.0,Low-value
8388480000000.0,10642.01,Low-value
8388640000000.0,8754.01,Low-value
8388680000000.0,6420.01,Low-value
8389510000000.0,11513.01,Low-value
8389920000000.0,11950.0,Low-value
8390170000000.0,8605.0,Low-value
8390220000000.0,10048.0,Low-value
8390230000000.0,2500.0,Low-value
8390260000000.0,11263.03,Low-value
8390440000000.0,6604.0,Low-value
8390550000000.0,10996.01,Low-value
8390640000000.0,10203.01,Low-value
8390650000000.0,3444.0,Low-value
8391460000000.0,7389.0,Low-value
8391670000000.0,13714.01,Low-value
8391810000000.0,11150.01,Low-value
8391820000000.0,6034.01,Low-value
8392010000000.0,13463.02,Low-value
8394310000000.0,4266.01,Low-value
8394800000000.0,8558.01,Low-value
8395250000000.0,10373.01,Low-value
8395980000000.0,2753.0,Low-value
8396740000000.0,3479.0,Low-value
8397090000000.0,11235.01,Low-value
8397750000000.0,12183.0,Low-value
8398170000000.0,13652.0,Low-value
8398310000000.0,7981.030000000001,Low-value
8398530000000.0,8940.01,Low-value
8399440000000.0,11391.5,Low-value
8399610000000.0,12117.0,Low-value
8399900000000.0,12513.02,Low-value
8399950000000.0,12331.02,Low-value
8400260000000.0,13295.01,Low-value
8400480000000.0,4120.02,Low-value
8400530000000.0,3242.01,Low-value
8400560000000.0,7866.0,Low-value
8401190000000.0,9510.02,Low-value
8401540000000.0,3312.0,Low-value
8401550000000.0,6730.01,Low-value
8401620000000.0,12735.01,Low-value
8402490000000.0,9889.0,Low-value
8403560000000.0,3756.0,Low-value
8403580000000.0,10465.01,Low-value
8403610000000.0,12739.01,Low-value
8403750000000.0,8129.0,Low-value
8403890000000.0,5190.02,Low-value
8403960000000.0,10699.02,Low-value
8404970000000.0,13227.03,Low-value
8404980000000.0,8062.01,Low-value
8405790000000.0,4921.01,Low-value
8405830000000.0,12556.0,Low-value
8405840000000.0,5034.02,Low-value
8405870000000.0,10663.01,Low-value
8405930000000.0,7289.03,Low-value
8405950000000.0,8689.0,Low-value
8406000000000.0,6841.0,Low-value
8406110000000.0,12567.0,Low-value
8406150000000.0,7079.01,Low-value
8406850000000.0,12036.02,Low-value
8406900000000.0,13795.0,Low-value
8407350000000.0,3736.0,Low-value
8407690000000.0,7093.0,Low-value
8408080000000.0,14131.0,Low-value
8408190000000.0,11405.02,Low-value
8408770000000.0,10145.01,Low-value
8409870000000.0,1700.01,Low-value
8409910000000.0,12925.0,Low-value
8410820000000.0,2752.01,Low-value
8411530000000.0,4291.0,Low-value
8412490000000.0,6915.03,Low-value
8412860000000.0,12011.02,Low-value
8412910000000.0,14036.0,Low-value
8413170000000.0,8570.02,Low-value
8413890000000.0,4111.01,Low-value
8413930000000.0,8392.02,Low-value
8414230000000.0,3899.0,Low-value
8416230000000.0,6156.01,Low-value
8416960000000.0,12987.01,Low-value
8417090000000.0,3204.0,Low-value
8417170000000.0,11162.01,Low-value
8417290000000.0,4739.01,Low-value
8417420000000.0,9718.0,Low-value
8417530000000.0,10038.02,Low-value
8417760000000.0,8629.01,Low-value
8418320000000.0,12137.0,Low-value
8418420000000.0,11916.0,Low-value
8418970000000.0,9102.0,Low-value
8419000000000.0,8530.0,Low-value
8419040000000.0,7131.0,Low-value
8419060000000.0,8339.0,Low-value
8420360000000.0,6351.0,Low-value
8421080000000.0,11827.0,Low-value
8421140000000.0,5840.01,Low-value
8421170000000.0,1776.0,Low-value
8421230000000.0,7136.01,Low-value
8421330000000.0,4578.01,Low-value
8421430000000.0,9587.0,Low-value
8421460000000.0,12935.01,Low-value
8421490000000.0,11983.02,Low-value
8421520000000.0,11723.01,Low-value
8423330000000.0,9773.0,Low-value
8423370000000.0,9375.0,Low-value
8423600000000.0,13903.03,Low-value
8423650000000.0,6101.0,Low-value
8423890000000.0,12488.0,Low-value
8423960000000.0,4304.0,Low-value
8424440000000.0,5867.02,Low-value
8424720000000.0,10935.01,Low-value
8427140000000.0,12421.01,Low-value
8427160000000.0,2515.0,Low-value
8427540000000.0,7271.01,Low-value
8427820000000.0,10913.02,Low-value
8428210000000.0,7761.0,Low-value
8428440000000.0,8010.01,Low-value
8428480000000.0,4581.01,Low-value
8428750000000.0,11753.0,Low-value
8429140000000.0,13768.02,Low-value
8429210000000.0,10752.01,Low-value
8429220000000.0,11503.01,Low-value
8429500000000.0,3381.0200000000004,Low-value
8430580000000.0,9615.02,Low-value
8430730000000.0,12368.0,Low-value
8431020000000.0,12598.02,Low-value
8431670000000.0,10820.01,Low-value
8431770000000.0,13736.01,Low-value
8432120000000.0,4809.0,Low-value
8432540000000.0,13509.02,Low-value
8432710000000.0,10642.0,Low-value
8433080000000.0,9635.01,Low-value
8433250000000.0,10007.02,Low-value
8433280000000.0,4243.01,Low-value
8433350000000.0,5056.0,Low-value
8434310000000.0,8282.02,Low-value
8434380000000.0,3095.0,Low-value
8434450000000.0,6295.01,Low-value
8434770000000.0,5387.0,Low-value
8434860000000.0,10799.02,Low-value
8434990000000.0,3257.0,Low-value
8435430000000.0,10128.01,Low-value
8435500000000.0,10124.02,Low-value
8435550000000.0,9361.0,Low-value
8435600000000.0,10776.01,Low-value
8435730000000.0,10788.0,Low-value
8435970000000.0,12717.0,Low-value
8436060000000.0,13975.01,Low-value
8436700000000.0,14008.02,Low-value
8437110000000.0,6949.0,Low-value
8437330000000.0,14097.01,Low-value
8437360000000.0,13907.01,Low-value
8437600000000.0,8024.0,Low-value
8438060000000.0,13490.01,Low-value
8438110000000.0,12771.0,Low-value
8438240000000.0,3881.0,Low-value
8438310000000.0,8341.0,Low-value
8438400000000.0,9329.05,Low-value
8438410000000.0,8108.0,Low-value
8438730000000.0,10348.01,Low-value
8438800000000.0,9068.02,Low-value
8439080000000.0,14252.02,Low-value
8439090000000.0,7110.0,Low-value
8439580000000.0,7838.01,Low-value
8440020000000.0,9926.0,Low-value
8440550000000.0,12868.01,Low-value
8440750000000.0,8688.01,Low-value
8440820000000.0,3876.0,Low-value
8440870000000.0,3524.01,Low-value
8441060000000.0,7257.0,Low-value
8441090000000.0,10241.01,Low-value
8441150000000.0,12474.0,Low-value
8441390000000.0,5866.0,Low-value
8441550000000.0,10524.0,Low-value
8441560000000.0,11333.01,Low-value
8442050000000.0,5327.02,Low-value
8442060000000.0,4539.0,Low-value
8442350000000.0,5620.02,Low-value
8442460000000.0,10051.0,Low-value
8442770000000.0,6713.01,Low-value
8443070000000.0,4443.0,Low-value
8443360000000.0,6136.01,Low-value
8443690000000.0,8427.01,Low-value
8444220000000.0,7661.01,Low-value
8444660000000.0,3490.0,Low-value
8445550000000.0,3901.01,Low-value
8445650000000.0,7400.02,Low-value
8445740000000.0,9308.0,Low-value
8445780000000.0,14194.0,Low-value
8445830000000.0,4734.01,Low-value
8446030000000.0,11767.02,Low-value
8446230000000.0,7167.0,Low-value
8446340000000.0,8715.0,Low-value
8446440000000.0,9186.01,Low-value
8446930000000.0,12503.01,Low-value
8447220000000.0,13404.03,Low-value
8447300000000.0,10305.01,Low-value
8447360000000.0,2029.0,Low-value
8447730000000.0,11173.01,Low-value
8448030000000.0,4490.0,Low-value
8448080000000.0,12723.03,Low-value
8448250000000.0,9299.01,Low-value
8448340000000.0,4198.0,Low-value
8449010000000.0,4916.0,Low-value
8449100000000.0,4931.0,Low-value
8449130000000.0,12807.01,Low-value
8449180000000.0,11707.01,Low-value
8450170000000.0,7498.01,Low-value
8450240000000.0,8206.01,Low-value
8450550000000.0,8846.0,Low-value
8450580000000.0,9245.02,Low-value
8451200000000.0,10306.02,Low-value
8451420000000.0,3364.0,Low-value
8451460000000.0,10715.0,Low-value
8451490000000.0,12332.01,Low-value
8451530000000.0,4682.0,Low-value
8452270000000.0,9119.01,Low-value
8453250000000.0,9324.01,Low-value
8453390000000.0,7609.0,Low-value
8454040000000.0,6799.0,Low-value
8454050000000.0,12610.01,Low-value
8454070000000.0,12469.0,Low-value
8454150000000.0,7277.01,Low-value
8454300000000.0,13721.01,Low-value
8454390000000.0,10222.01,Low-value
8454460000000.0,10485.01,Low-value
8454500000000.0,8587.01,Low-value
8454640000000.0,4617.01,Low-value
8454650000000.0,13688.04,Low-value
8454740000000.0,7217.02,Low-value
8454770000000.0,10484.01,Low-value
8455060000000.0,14014.0,Low-value
8455510000000.0,11834.02,Low-value
8455530000000.0,8058.01,Low-value
8455560000000.0,6379.01,Low-value
8455640000000.0,3354.01,Low-value
8456220000000.0,5480.0,Low-value
8456340000000.0,4410.01,Low-value
8456510000000.0,8845.01,Low-value
8456620000000.0,7414.03,Low-value
8456810000000.0,8090.04,Low-value
8456890000000.0,9195.01,Low-value
8457330000000.0,11263.0,Low-value
8457460000000.0,3515.0,Low-value
8458690000000.0,3940.01,Low-value
8458750000000.0,4143.0,Low-value
8459070000000.0,11700.0,Low-value
8460090000000.0,5757.01,Low-value
8460190000000.0,10739.01,Low-value
8460760000000.0,6999.02,Low-value
8460780000000.0,13745.0,Low-value
8460790000000.0,10562.0,Low-value
8461010000000.0,9646.0,Low-value
8461170000000.0,14201.0,Low-value
8461800000000.0,5681.0,Low-value
8461990000000.0,4383.0,Low-value
8462150000000.0,1740.0,Low-value
8462690000000.0,4016.0,Low-value
8462720000000.0,4731.01,Low-value
8462990000000.0,4407.0,Low-value
8463090000000.0,6231.0,Low-value
8464160000000.0,3427.01,Low-value
8464170000000.0,12768.0,Low-value
8464180000000.0,7383.01,Low-value
8464310000000.0,8975.01,Low-value
8464570000000.0,10064.0,Low-value
8464580000000.0,7604.0,Low-value
8464630000000.0,6461.01,Low-value
8464650000000.0,9373.0,Low-value
8465190000000.0,11423.02,Low-value
8465210000000.0,9581.03,Low-value
8465360000000.0,5135.02,Low-value
8465490000000.0,11018.0,Low-value
8465590000000.0,12929.02,Low-value
8466630000000.0,4418.0,Low-value
8466640000000.0,12057.0,Low-value
8466660000000.0,8516.01,Low-value
8466820000000.0,9550.0,Low-value
8466990000000.0,11928.01,Low-value
8467080000000.0,11219.01,Low-value
8467930000000.0,5070.01,Low-value
8468090000000.0,4430.02,Low-value
8468610000000.0,13108.02,Low-value
8469340000000.0,11573.25,Low-value
8469490000000.0,5596.0,Low-value
8469500000000.0,9443.0,Low-value
8469530000000.0,8457.02,Low-value
8469550000000.0,4333.0,Low-value
8469820000000.0,11118.0,Low-value
8470010000000.0,2654.0,Low-value
8471020000000.0,8200.01,Low-value
8471330000000.0,9281.01,Low-value
8471510000000.0,13757.0,Low-value
8471630000000.0,5405.0,Low-value
8471940000000.0,14142.0,Low-value
8472130000000.0,2463.0,Low-value
8472150000000.0,7771.0,Low-value
8472240000000.0,2138.01,Low-value
8472660000000.0,5997.0,Low-value
8472670000000.0,9614.01,Low-value
8472750000000.0,12516.0,Low-value
8473370000000.0,7631.0,Low-value
8473380000000.0,1555.0,Low-value
8473430000000.0,4784.0,Low-value
8473780000000.0,8962.0,Low-value
8477360000000.0,1857.0,Low-value
8477370000000.0,5635.01,Low-value
8477380000000.0,12655.0,Low-value
8477650000000.0,6828.01,Low-value
8477790000000.0,10157.02,Low-value
8478390000000.0,10620.02,Low-value
8480340000000.0,1719.0,Low-value
8480740000000.0,10884.0,Low-value
8480820000000.0,4550.02,Low-value
8480860000000.0,8420.0,Low-value
8481610000000.0,3813.01,Low-value
8481790000000.0,11273.0,Low-value
8481880000000.0,10439.02,Low-value
8481920000000.0,12843.0,Low-value
8482110000000.0,9635.04,Low-value
8482190000000.0,2269.0,Low-value
8482530000000.0,8094.02,Low-value
8483280000000.0,11765.0,Low-value
8483410000000.0,2950.03,Low-value
8483710000000.0,11078.01,Low-value
8484030000000.0,6126.02,Low-value
8484470000000.0,9978.02,Low-value
8484980000000.0,12028.02,Low-value
8485490000000.0,2330.01,Low-value
8485710000000.0,5743.0,Low-value
8486050000000.0,11055.01,Low-value
8486100000000.0,7471.0,Low-value
8486360000000.0,12941.02,Low-value
8487450000000.0,13360.0,Low-value
8487580000000.0,6227.0,Low-value
8487600000000.0,7809.0,Low-value
8487660000000.0,4467.0,Low-value
8487700000000.0,3362.0,Low-value
8488160000000.0,6461.0,Low-value
8488170000000.0,11904.0,Low-value
8488380000000.0,5483.01,Low-value
8488760000000.0,6971.01,Low-value
8488790000000.0,6113.0,Low-value
8489000000000.0,2874.0,Low-value
8489360000000.0,6516.01,Low-value
8489910000000.0,9760.01,Low-value
8490100000000.0,11775.01,Low-value
8490500000000.0,8403.01,Low-value
8491050000000.0,6158.01,Low-value
8491200000000.0,11827.0,Low-value
8491210000000.0,8713.01,Low-value
8492220000000.0,5709.0,Low-value
8492540000000.0,3823.0,Low-value
8492710000000.0,7466.01,Low-value
8492920000000.0,10230.0,Low-value
8493130000000.0,7121.01,Low-value
8493160000000.0,7119.01,Low-value
8493490000000.0,7098.01,Low-value
8493550000000.0,3433.01,Low-value
8493570000000.0,7611.27,Low-value
8493830000000.0,4649.01,Low-value
8494030000000.0,8070.0,Low-value
8494430000000.0,8485.0,Low-value
8495020000000.0,9794.01,Low-value
8495340000000.0,7447.0,Low-value
8495820000000.0,13008.0,Low-value
8495970000000.0,6703.01,Low-value
8496680000000.0,11967.01,Low-value
8497080000000.0,2720.0,Low-value
8497260000000.0,13509.01,Low-value
8497360000000.0,12109.04,Low-value
8497460000000.0,14277.0,Low-value
8497920000000.0,11553.0,Low-value
8498350000000.0,12037.01,Low-value
8498860000000.0,9285.01,Low-value
8500390000000.0,3493.01,Low-value
8501560000000.0,10978.0,Low-value
8503370000000.0,13746.0,Low-value
8503400000000.0,4007.01,Low-value
8503580000000.0,2377.0,Low-value
8503620000000.0,13745.01,Low-value
8506170000000.0,5090.0,Low-value
8506430000000.0,9140.03,Low-value
8506460000000.0,14025.02,Low-value
8506470000000.0,7246.01,Low-value
8506530000000.0,1788.0,Low-value
8506700000000.0,11535.01,Low-value
8507040000000.0,8556.03,Low-value
8507560000000.0,2890.0,Low-value
8507790000000.0,1231.0,Low-value
8507870000000.0,4417.02,Low-value
8508220000000.0,4882.03,Low-value
8508540000000.0,7047.0,Low-value
8508930000000.0,6427.01,Low-value
8509240000000.0,13419.0,Low-value
8509450000000.0,14044.01,Low-value
8509490000000.0,8284.0,Low-value
8509630000000.0,3143.01,Low-value
8509640000000.0,3484.01,Low-value
8509900000000.0,4535.0,Low-value
8510650000000.0,9095.0,Low-value
8510860000000.0,10536.0,Low-value
8511150000000.0,3319.0,Low-value
8512070000000.0,8811.02,Low-value
8512160000000.0,9465.01,Low-value
8514890000000.0,1149.0,Low-value
8514950000000.0,6284.01,Low-value
8515040000000.0,9634.01,Low-value
8515100000000.0,4916.0,Low-value
8515200000000.0,2989.02,Low-value
8515260000000.0,7633.01,Low-value
8515600000000.0,8891.0,Low-value
8516600000000.0,11426.0,Low-value
8517180000000.0,13855.01,Low-value
8517190000000.0,4178.04,Low-value
8517290000000.0,12390.01,Low-value
8517850000000.0,8883.01,Low-value
8517980000000.0,4527.0,Low-value
8518030000000.0,6941.0,Low-value
8518270000000.0,5450.01,Low-value
8518470000000.0,8965.0,Low-value
8518830000000.0,1405.01,Low-value
8518930000000.0,11534.01,Low-value
8519100000000.0,6352.01,Low-value
8519740000000.0,4834.01,Low-value
8519980000000.0,8518.01,Low-value
8520170000000.0,13174.01,Low-value
8520210000000.0,13401.0,Low-value
8520550000000.0,9580.0,Low-value
8521600000000.0,9599.01,Low-value
8521880000000.0,1798.0,Low-value
8521910000000.0,7756.52,Low-value
8522100000000.0,6250.01,Low-value
8522450000000.0,6739.0,Low-value
8522920000000.0,12782.0,Low-value
8523070000000.0,13506.01,Low-value
8523960000000.0,8460.01,Low-value
8524430000000.0,6743.0,Low-value
8524760000000.0,3483.0,Low-value
8524840000000.0,4981.0,Low-value
8524980000000.0,13347.01,Low-value
8525010000000.0,8910.01,Low-value
8526600000000.0,5565.0,Low-value
8526680000000.0,8777.0,Low-value
8526790000000.0,10131.01,Low-value
8526880000000.0,10433.0,Low-value
8526940000000.0,9004.01,Low-value
8527570000000.0,12658.0,Low-value
8527640000000.0,8508.03,Low-value
8527740000000.0,6806.0,Low-value
8527980000000.0,9582.0,Low-value
8528010000000.0,10286.01,Low-value
8528220000000.0,13252.0,Low-value
8528320000000.0,12317.02,Low-value
8528670000000.0,8131.0,Low-value
8529410000000.0,3309.01,Low-value
8529430000000.0,12203.01,Low-value
8529470000000.0,8341.01,Low-value
8529580000000.0,11926.02,Low-value
8529590000000.0,7157.0,Low-value
8529750000000.0,9633.0,Low-value
8529840000000.0,13797.0,Low-value
8529980000000.0,2361.0,Low-value
8530010000000.0,2950.01,Low-value
8530090000000.0,1889.0,Low-value
8530200000000.0,4847.0,Low-value
8530800000000.0,3489.0,Low-value
8530860000000.0,13359.0,Low-value
8530890000000.0,10028.01,Low-value
8531120000000.0,6066.01,Low-value
8532510000000.0,3751.01,Low-value
8532700000000.0,11795.0,Low-value
8532800000000.0,2919.0,Low-value
8533090000000.0,11671.01,Low-value
8533140000000.0,2940.0,Low-value
8533170000000.0,6116.04,Low-value
8534010000000.0,7988.01,Low-value
8534350000000.0,4586.01,Low-value
8534410000000.0,4080.0,Low-value
8534460000000.0,11817.01,Low-value
8534600000000.0,5116.0,Low-value
8535330000000.0,5766.01,Low-value
8535620000000.0,14064.02,Low-value
8535730000000.0,5168.0,Low-value
8535790000000.0,7190.01,Low-value
8535890000000.0,6760.05,Low-value
8535920000000.0,6556.01,Low-value
8536030000000.0,11380.01,Low-value
8536060000000.0,6517.02,Low-value
8536130000000.0,4613.01,Low-value
8536300000000.0,7621.01,Low-value
8536370000000.0,11409.0,Low-value
8536960000000.0,4748.0,Low-value
8537220000000.0,14270.01,Low-value
8537580000000.0,6810.01,Low-value
8537860000000.0,2631.0,Low-value
8537910000000.0,6292.01,Low-value
8537950000000.0,11079.02,Low-value
8538000000000.0,7636.01,Low-value
8538270000000.0,13086.01,Low-value
8538500000000.0,9606.0,Low-value
8539040000000.0,9475.0,Low-value
8539350000000.0,10389.0,Low-value
8539600000000.0,7240.01,Low-value
8540030000000.0,11265.0,Low-value
8541030000000.0,13583.0,Low-value
8541810000000.0,9479.02,Low-value
8541860000000.0,7197.0,Low-value
8542160000000.0,7042.0,Low-value
8542280000000.0,3319.0,Low-value
8543560000000.0,5171.0,Low-value
8543790000000.0,2160.01,Low-value
8543810000000.0,8796.03,Low-value
8543910000000.0,11074.01,Low-value
8543950000000.0,10293.01,Low-value
8544010000000.0,6853.0,Low-value
8544130000000.0,11053.0,Low-value
8544150000000.0,8708.02,Low-value
8545130000000.0,10481.0,Low-value
8545590000000.0,11140.0,Low-value
8545660000000.0,11714.04,Low-value
8545990000000.0,12189.0,Low-value
8546750000000.0,9291.01,Low-value
8547090000000.0,8886.01,Low-value
8547130000000.0,6842.0,Low-value
8548110000000.0,5869.02,Low-value
8548190000000.0,4354.02,Low-value
8548270000000.0,13377.0,Low-value
8548290000000.0,10364.03,Low-value
8548330000000.0,1408.0,Low-value
8548420000000.0,1212.01,Low-value
8548470000000.0,4478.02,Low-value
8548570000000.0,13577.01,Low-value
8548730000000.0,13811.02,Low-value
8549990000000.0,14053.01,Low-value
8551260000000.0,6937.0,Low-value
8553370000000.0,11067.02,Low-value
8553630000000.0,5385.0,Low-value
8553810000000.0,9971.01,Low-value
8553910000000.0,12449.01,Low-value
8553950000000.0,3231.0,Low-value
8554070000000.0,5049.0,Low-value
8554550000000.0,5913.0,Low-value
8555470000000.0,3183.01,Low-value
8555860000000.0,10123.01,Low-value
8555900000000.0,13765.01,Low-value
8556140000000.0,8301.0,Low-value
8556180000000.0,12932.0,Low-value
8556890000000.0,7473.0,Low-value
8557270000000.0,5678.01,Low-value
8557330000000.0,10000.0,Low-value
8557460000000.0,8178.0,Low-value
8557500000000.0,8678.01,Low-value
8558340000000.0,3560.01,Low-value
8558710000000.0,5612.01,Low-value
8558770000000.0,6325.03,Low-value
8558810000000.0,9955.0,Low-value
8558840000000.0,5352.02,Low-value
8558890000000.0,3633.0,Low-value
8558980000000.0,10335.01,Low-value
8558990000000.0,10065.0,Low-value
8559280000000.0,4152.0,Low-value
8559940000000.0,10715.02,Low-value
8560030000000.0,12733.0,Low-value
8560330000000.0,4727.01,Low-value
8560900000000.0,14027.02,Low-value
8561040000000.0,7383.01,Low-value
8561060000000.0,9140.0,Low-value
8561080000000.0,11846.0,Low-value
8561110000000.0,11991.02,Low-value
8561230000000.0,13090.0,Low-value
8561700000000.0,11249.01,Low-value
8562020000000.0,8823.0,Low-value
8562160000000.0,3158.01,Low-value
8562230000000.0,6792.0,Low-value
8562330000000.0,8087.01,Low-value
8562370000000.0,8530.0,Low-value
8562480000000.0,7997.01,Low-value
8562520000000.0,6225.03,Low-value
8562630000000.0,3894.01,Low-value
8562650000000.0,8779.02,Low-value
8562690000000.0,10202.0,Low-value
8563160000000.0,8903.01,Low-value
8563170000000.0,10312.01,Low-value
8563210000000.0,3489.0,Low-value
8563220000000.0,13006.0,Low-value
8563320000000.0,5403.96,Low-value
8563360000000.0,11334.01,Low-value
8563610000000.0,8421.0,Low-value
8563690000000.0,7700.0,Low-value
8563710000000.0,7365.0,Low-value
8564190000000.0,10955.01,Low-value
8564280000000.0,6475.01,Low-value
8564400000000.0,10442.0,Low-value
8564920000000.0,4048.0,Low-value
8565150000000.0,6520.0,Low-value
8565170000000.0,10512.02,Low-value
8565880000000.0,12575.01,Low-value
8565930000000.0,6276.01,Low-value
8565990000000.0,9957.0,Low-value
8566560000000.0,10803.03,Low-value
8566700000000.0,7329.0,Low-value
8567070000000.0,9168.0,Low-value
8567330000000.0,11703.01,Low-value
8567840000000.0,8600.0,Low-value
8567850000000.0,2532.0,Low-value
8567980000000.0,8030.0,Low-value
8568980000000.0,10336.01,Low-value
8569000000000.0,7229.0,Low-value
8569190000000.0,12328.0,Low-value
8569240000000.0,8722.02,Low-value
8569570000000.0,2669.0,Low-value
8569580000000.0,2151.0,Low-value
8569700000000.0,9924.0,Low-value
8569830000000.0,4012.03,Low-value
8570240000000.0,3823.02,Low-value
8570280000000.0,11014.0,Low-value
8570290000000.0,5934.01,Low-value
8570370000000.0,10176.01,Low-value
8570430000000.0,5435.02,Low-value
8570540000000.0,8226.0,Low-value
8570580000000.0,3967.0,Low-value
8570630000000.0,3849.0,Low-value
8570710000000.0,6897.02,Low-value
8570770000000.0,7367.0,Low-value
8571350000000.0,1515.0,Low-value
8571450000000.0,5358.0,Low-value
8571460000000.0,2335.0,Low-value
8571500000000.0,3917.01,Low-value
8571560000000.0,6340.0,Low-value
8571770000000.0,4353.01,Low-value
8572020000000.0,4239.0,Low-value
8572090000000.0,10971.01,Low-value
8572120000000.0,5686.01,Low-value
8572160000000.0,3760.0,Low-value
8572230000000.0,11362.0,Low-value
8572280000000.0,4973.01,Low-value
8572290000000.0,8575.0,Low-value
8573020000000.0,8446.0,Low-value
8573050000000.0,12657.01,Low-value
8573070000000.0,8542.01,Low-value
8573190000000.0,8148.03,Low-value
8589560000000.0,4601.01,Low-value
8599940000000.0,9912.0,Low-value
8608210000000.0,9776.0,Low-value
8609190000000.0,12354.03,Low-value
8609220000000.0,13883.0,Low-value
8609230000000.0,14017.02,Low-value
8609300000000.0,7261.0,Low-value
8609400000000.0,5568.0,Low-value
8609480000000.0,12893.01,Low-value
8609490000000.0,10532.01,Low-value
8609530000000.0,11227.0,Low-value
8609550000000.0,5913.0,Low-value
8609600000000.0,13434.01,Low-value
8609620000000.0,6295.0,Low-value
8619430000000.0,4559.0,Low-value
8625900000000.0,5216.0,Low-value
8630260000000.0,3498.01,Low-value
8631590000000.0,8984.01,Low-value
8632700000000.0,6069.05,Low-value
8634970000000.0,9425.0,Low-value
8635030000000.0,11861.01,Low-value
8635620000000.0,13465.02,Low-value
8635870000000.0,10267.01,Low-value
8635880000000.0,7862.0,Low-value
8636020000000.0,12930.0,Low-value
8636040000000.0,6992.0,Low-value
8636190000000.0,14115.0,Low-value
8636290000000.0,6946.01,Low-value
8636320000000.0,6562.0,Low-value
8636330000000.0,1760.0,Low-value
8636570000000.0,9285.0,Low-value
8636700000000.0,4877.01,Low-value
8636940000000.0,9885.01,Low-value
8637060000000.0,8754.01,Low-value
8637160000000.0,6555.0,Low-value
8637310000000.0,2728.0,Low-value
8637480000000.0,4723.0,Low-value
8637750000000.0,7979.01,Low-value
8638110000000.0,7597.01,Low-value
8638300000000.0,9183.01,Low-value
8638350000000.0,3434.01,Low-value
8638490000000.0,5678.0,Low-value
8638960000000.0,9913.01,Low-value
8639460000000.0,12744.05,Low-value
8639560000000.0,10353.0,Low-value
8640300000000.0,3586.0,Low-value
8640500000000.0,8335.01,Low-value
8640630000000.0,9188.01,Low-value
8641760000000.0,13161.29,Low-value
8641770000000.0,11200.01,Low-value
8641960000000.0,4594.01,Low-value
8641970000000.0,9175.02,Low-value
8642040000000.0,6558.0,Low-value
8642070000000.0,8790.01,Low-value
8642230000000.0,8769.0,Low-value
8642520000000.0,5327.02,Low-value
8642720000000.0,9132.03,Low-value
8643120000000.0,9504.01,Low-value
8644220000000.0,12209.0,Low-value
8644230000000.0,8065.02,Low-value
8644600000000.0,5950.0,Low-value
8644630000000.0,13599.0,Low-value
8644660000000.0,11663.0,Low-value
8644730000000.0,8293.0,Low-value
8644740000000.0,10449.02,Low-value
8644750000000.0,10324.0,Low-value
8644780000000.0,7929.01,Low-value
8645020000000.0,4949.01,Low-value
8645100000000.0,6429.0,Low-value
8645130000000.0,3012.02,Low-value
8645190000000.0,10749.02,Low-value
8645550000000.0,13654.0,Low-value
8645660000000.0,13900.02,Low-value
8645750000000.0,9653.02,Low-value
8645780000000.0,5263.0,Low-value
8645790000000.0,8748.0,Low-value
8645810000000.0,13600.01,Low-value
8645850000000.0,12722.0,Low-value
8646770000000.0,4626.02,Low-value
8646850000000.0,1328.0,Low-value
8646860000000.0,13028.0,Low-value
8647250000000.0,5796.01,Low-value
8647570000000.0,6548.0,Low-value
8647580000000.0,9232.0,Low-value
8647600000000.0,8286.0,Low-value
8647720000000.0,4188.0,Low-value
8647740000000.0,8371.03,Low-value
8647870000000.0,9627.01,Low-value
8647890000000.0,7882.01,Low-value
8647960000000.0,10587.0,Low-value
8648040000000.0,10126.01,Low-value
8648470000000.0,12385.0,Low-value
8648660000000.0,11077.06,Low-value
8648810000000.0,2640.01,Low-value
8649770000000.0,1730.01,Low-value
8649850000000.0,7140.0,Low-value
8649980000000.0,5588.03,Low-value
8650760000000.0,13715.01,Low-value
8650800000000.0,9396.01,Low-value
8650810000000.0,5950.0,Low-value
8650940000000.0,10989.01,Low-value
8650960000000.0,12952.01,Low-value
8651230000000.0,12555.02,Low-value
8651350000000.0,7393.0,Low-value
8651870000000.0,12070.01,Low-value
8651930000000.0,6723.0,Low-value
8652050000000.0,9936.0,Low-value
8652250000000.0,9792.0,Low-value
8652320000000.0,9507.0,Low-value
8652460000000.0,9394.0,Low-value
8652790000000.0,10812.04,Low-value
8652830000000.0,10546.0,Low-value
8652850000000.0,13703.02,Low-value
8653170000000.0,1917.01,Low-value
8653220000000.0,13093.01,Low-value
8653680000000.0,12458.0,Low-value
8653690000000.0,8576.02,Low-value
8654770000000.0,8484.0,Low-value
8654820000000.0,10681.01,Low-value
8654850000000.0,7817.01,Low-value
8655130000000.0,5780.01,Low-value
8655230000000.0,5849.0,Low-value
8655690000000.0,9768.03,Low-value
8655840000000.0,3014.0,Low-value
8655870000000.0,13343.01,Low-value
8655990000000.0,4226.01,Low-value
8656020000000.0,11369.02,Low-value
8657390000000.0,13799.0,Low-value
8657410000000.0,10687.02,Low-value
8657440000000.0,7234.01,Low-value
8657620000000.0,7050.01,Low-value
8657790000000.0,12660.02,Low-value
8657810000000.0,7667.01,Low-value
8658150000000.0,13420.029999999999,Low-value
8658470000000.0,4924.0,Low-value
8659000000000.0,13983.01,Low-value
8659180000000.0,3613.0,Low-value
8660220000000.0,10616.01,Low-value
8660280000000.0,5540.0,Low-value
8660350000000.0,5322.0,Low-value
8660900000000.0,10038.0,Low-value
8660940000000.0,10926.01,Low-value
8661690000000.0,8784.0,Low-value
8661770000000.0,12509.01,Low-value
8661950000000.0,8592.0,Low-value
8661970000000.0,10835.04,Low-value
8662000000000.0,13381.0,Low-value
8662050000000.0,5650.01,Low-value
8662180000000.0,5479.02,Low-value
8662240000000.0,2647.0,Low-value
8662700000000.0,12525.01,Low-value
8662780000000.0,13283.02,Low-value
8662800000000.0,5647.01,Low-value
8662960000000.0,3558.01,Low-value
8663160000000.0,7276.01,Low-value
8664080000000.0,8723.01,Low-value
8665250000000.0,10763.02,Low-value
8665320000000.0,13333.0,Low-value
8665370000000.0,10845.03,Low-value
8665480000000.0,8570.0,Low-value
8665560000000.0,5898.0,Low-value
8665780000000.0,9659.0,Low-value
8666390000000.0,11697.0,Low-value
8666420000000.0,12354.0,Low-value
8666490000000.0,6876.01,Low-value
8666520000000.0,11788.02,Low-value
8666660000000.0,4311.01,Low-value
8667060000000.0,9302.03,Low-value
8667560000000.0,10507.01,Low-value
8667670000000.0,14040.01,Low-value
8667780000000.0,7652.0,Low-value
8667820000000.0,8842.02,Low-value
8668080000000.0,3379.0,Low-value
8668330000000.0,8103.0,Low-value
8668560000000.0,13920.02,Low-value
8669160000000.0,7340.030000000001,Low-value
8669540000000.0,4036.0,Low-value
8669850000000.0,7617.0,Low-value
8669990000000.0,6815.0,Low-value
8670330000000.0,5512.01,Low-value
8670420000000.0,10876.02,Low-value
8670950000000.0,13946.03,Low-value
8671130000000.0,8742.01,Low-value
8671150000000.0,7582.0,Low-value
8671210000000.0,11011.02,Low-value
8671230000000.0,13209.0,Low-value
8671410000000.0,12281.0,Low-value
8672110000000.0,12329.03,Low-value
8672130000000.0,10294.01,Low-value
8672140000000.0,6537.01,Low-value
8672250000000.0,13176.0,Low-value
8672430000000.0,11795.0,Low-value
8672480000000.0,10853.0,Low-value
8672550000000.0,9839.0,Low-value
8672690000000.0,2369.0,Low-value
8672940000000.0,3921.01,Low-value
8673080000000.0,10568.01,Low-value
8673090000000.0,2380.0,Low-value
8673130000000.0,6759.01,Low-value
8673250000000.0,5117.0,Low-value
8673530000000.0,11914.0,Low-value
8673850000000.0,4416.0,Low-value
8674280000000.0,4141.02,Low-value
8674330000000.0,10967.01,Low-value
8674400000000.0,11533.01,Low-value
8674450000000.0,10486.01,Low-value
8674530000000.0,12070.01,Low-value
8674560000000.0,9975.03,Low-value
8674710000000.0,6787.01,Low-value
8675900000000.0,11134.01,Low-value
8677430000000.0,13036.01,Low-value
8677660000000.0,12780.0,Low-value
8678070000000.0,4374.0,Low-value
8678220000000.0,8272.0,Low-value
8678460000000.0,5908.0,Low-value
8678470000000.0,10107.01,Low-value
8679690000000.0,10221.01,Low-value
8680790000000.0,13583.0,Low-value
8680800000000.0,3655.01,Low-value
8680920000000.0,11766.0,Low-value
8681090000000.0,12292.01,Low-value
8681840000000.0,4728.01,Low-value
8681890000000.0,12693.0,Low-value
8681900000000.0,5858.0,Low-value
8682330000000.0,7308.0,Low-value
8682400000000.0,12933.02,Low-value
8682530000000.0,13479.01,Low-value
8682780000000.0,5426.01,Low-value
8682830000000.0,13743.01,Low-value
8683260000000.0,4352.0,Low-value
8683320000000.0,14286.0,Low-value
8683880000000.0,8562.01,Low-value
8684080000000.0,11943.02,Low-value
8685200000000.0,8403.01,Low-value
8685270000000.0,8951.01,Low-value
8685820000000.0,8233.01,Low-value
8685940000000.0,4916.0,Low-value
8685990000000.0,13161.0,Low-value
8686070000000.0,9291.02,Low-value
8686100000000.0,14179.03,Low-value
8686170000000.0,12624.01,Low-value
8686420000000.0,11686.01,Low-value
8686560000000.0,7705.0,Low-value
8686580000000.0,4283.01,Low-value
8687400000000.0,11646.03,Low-value
8687520000000.0,3558.0,Low-value
8687540000000.0,3236.0,Low-value
8687560000000.0,11979.0,Low-value
8687730000000.0,2297.0,Low-value
8688420000000.0,10455.01,Low-value
8688530000000.0,10988.0,Low-value
8688660000000.0,10604.02,Low-value
8689140000000.0,6950.01,Low-value
8689620000000.0,14107.0,Low-value
8689630000000.0,3894.0,Low-value
8689650000000.0,7032.02,Low-value
8689740000000.0,4684.0,Low-value
8689790000000.0,4572.01,Low-value
8689920000000.0,6812.01,Low-value
8690460000000.0,10640.05,Low-value
8690750000000.0,3100.01,Low-value
8691450000000.0,8052.0,Low-value
8691960000000.0,6233.0,Low-value
8692630000000.0,12033.0,Low-value
8692660000000.0,10575.01,Low-value
8692840000000.0,11600.0,Low-value
8693120000000.0,7613.02,Low-value
8693570000000.0,13832.01,Low-value
8693670000000.0,12819.01,Low-value
8693810000000.0,14087.02,Low-value
8694630000000.0,11018.02,Low-value
8694670000000.0,9151.0,Low-value
8694750000000.0,6271.0,Low-value
8694870000000.0,5068.02,Low-value
8695790000000.0,10932.01,Low-value
8695800000000.0,13634.03,Low-value
8695970000000.0,11245.0,Low-value
8696020000000.0,3456.0,Low-value
8696230000000.0,4268.0,Low-value
8696920000000.0,11296.02,Low-value
8696960000000.0,7461.01,Low-value
8696990000000.0,2165.0,Low-value
8697060000000.0,12640.01,Low-value
8697170000000.0,9699.01,Low-value
8697180000000.0,14298.02,Low-value
8697210000000.0,12920.01,Low-value
8697330000000.0,7721.01,Low-value
8697780000000.0,3484.0,Low-value
8698460000000.0,10623.01,Low-value
8698560000000.0,5531.0,Low-value
8698610000000.0,13174.02,Low-value
8698680000000.0,4776.01,Low-value
8698960000000.0,6284.02,Low-value
8699180000000.0,3630.01,Low-value
8699340000000.0,11853.01,Low-value
8699400000000.0,11471.0,Low-value
8699460000000.0,6224.02,Low-value
8699500000000.0,4943.03,Low-value
8699630000000.0,12465.01,Low-value
8699740000000.0,6117.0,Low-value
8699800000000.0,1004.0,Low-value
8699970000000.0,2992.0,Low-value
8699980000000.0,8146.01,Low-value
8700490000000.0,6779.0,Low-value
8700560000000.0,8337.01,Low-value
8700670000000.0,3747.0,Low-value
8700750000000.0,2899.0,Low-value
8700850000000.0,13708.01,Low-value
8701000000000.0,13868.01,Low-value
8701040000000.0,3788.0,Low-value
8701060000000.0,3989.02,Low-value
8701190000000.0,11477.01,Low-value
8701600000000.0,8509.01,Low-value
8701720000000.0,6930.01,Low-value
8702670000000.0,8318.0,Low-value
8702910000000.0,3213.0,Low-value
8703040000000.0,8604.0,Low-value
8703220000000.0,9308.01,Low-value
8703340000000.0,5925.0,Low-value
8703820000000.0,8509.02,Low-value
8704050000000.0,5111.0,Low-value
8704250000000.0,4862.0,Low-value
8704420000000.0,7333.02,Low-value
8704430000000.0,6186.01,Low-value
8704440000000.0,11310.01,Low-value
8704450000000.0,9639.01,Low-value
8704690000000.0,11404.0,Low-value
8704710000000.0,6971.0,Low-value
8705020000000.0,3831.0,Low-value
8705120000000.0,2464.0,Low-value
8705190000000.0,7240.01,Low-value
8705290000000.0,12404.0,Low-value
8705320000000.0,11217.0,Low-value
8705340000000.0,7072.02,Low-value
8705420000000.0,11809.0,Low-value
8705490000000.0,7961.0,Low-value
8705750000000.0,13199.0,Low-value
8706180000000.0,2051.01,Low-value
8706190000000.0,10720.0,Low-value
8706250000000.0,10451.03,Low-value
8706310000000.0,11285.01,Low-value
8706350000000.0,7787.0,Low-value
8706870000000.0,5568.0,Low-value
8707420000000.0,10999.01,Low-value
8707460000000.0,13302.0,Low-value
8708630000000.0,10528.0,Low-value
8708640000000.0,13036.0,Low-value
8708690000000.0,7625.0,Low-value
8709140000000.0,9674.0,Low-value
8709430000000.0,9142.0,Low-value
8709760000000.0,10439.01,Low-value
8709880000000.0,12057.01,Low-value
8709940000000.0,2995.0,Low-value
8709970000000.0,13017.02,Low-value
8709990000000.0,8255.01,Low-value
8710090000000.0,3479.01,Low-value
8710150000000.0,2473.01,Low-value
8710180000000.0,4832.01,Low-value
8710220000000.0,5984.01,Low-value
8711030000000.0,7716.0,Low-value
8711230000000.0,10611.02,Low-value
8711500000000.0,6108.0,Low-value
8711870000000.0,4338.01,Low-value
8711940000000.0,13553.0,Low-value
8711950000000.0,7131.01,Low-value
8712160000000.0,2375.01,Low-value
8712290000000.0,7346.0,Low-value
8712320000000.0,7708.0,Low-value
8712350000000.0,6155.0,Low-value
8712360000000.0,13440.08,Low-value
8712560000000.0,866.0,Low-value
8712860000000.0,6502.0,Low-value
8713330000000.0,5166.0,Low-value
8713360000000.0,3458.01,Low-value
8713400000000.0,9468.01,Low-value
8713450000000.0,8935.01,Low-value
8713550000000.0,4846.01,Low-value
8713680000000.0,13543.01,Low-value
8713780000000.0,3127.01,Low-value
8714270000000.0,7999.0,Low-value
8714360000000.0,11728.95,Low-value
8714440000000.0,9862.02,Low-value
8714450000000.0,6405.0,Low-value
8714560000000.0,9599.0,Low-value
8714670000000.0,8010.0,Low-value
8714680000000.0,2360.01,Low-value
8714960000000.0,5649.01,Low-value
8715470000000.0,8534.0,Low-value
8715480000000.0,3730.01,Low-value
8715510000000.0,6765.01,Low-value
8715540000000.0,4741.0,Low-value
8715690000000.0,12438.0,Low-value
8715820000000.0,10652.0,Low-value
8716290000000.0,3324.0,Low-value
8716390000000.0,7174.0,Low-value
8716430000000.0,6883.0,Low-value
8716530000000.0,13307.01,Low-value
8716600000000.0,12337.02,Low-value
8716660000000.0,6841.0,Low-value
8716680000000.0,10061.0,Low-value
8717040000000.0,10803.0,Low-value
8717500000000.0,13215.0,Low-value
8717600000000.0,5042.0,Low-value
8717760000000.0,2902.01,Low-value
8717790000000.0,1650.0,Low-value
8717890000000.0,8805.01,Low-value
8717910000000.0,8065.0,Low-value
8717920000000.0,10661.0,Low-value
8718600000000.0,4740.01,Low-value
8718680000000.0,13189.0,Low-value
8718730000000.0,7681.01,Low-value
8718740000000.0,4611.0,Low-value
8718780000000.0,10168.0,Low-value
8718790000000.0,6244.01,Low-value
8718830000000.0,10721.0,Low-value
8719030000000.0,2114.01,Low-value
8719800000000.0,8852.02,Low-value
8719810000000.0,12161.03,Low-value
8719830000000.0,13880.01,Low-value
8719880000000.0,4896.0,Low-value
8719970000000.0,6884.0,Low-value
8719980000000.0,14112.01,Low-value
8720020000000.0,12998.02,Low-value
8720070000000.0,7727.02,Low-value
8720830000000.0,7491.01,Low-value
8720980000000.0,12874.0,Low-value
8721020000000.0,8739.02,Low-value
8721030000000.0,10443.01,Low-value
8721110000000.0,13128.0,Low-value
8721260000000.0,2837.0,Low-value
8721280000000.0,6873.0,Low-value
8721300000000.0,12598.01,Low-value
8721380000000.0,9298.01,Low-value
8721750000000.0,8815.0,Low-value
8721770000000.0,9021.02,Low-value
8721990000000.0,6980.01,Low-value
8722050000000.0,9070.01,Low-value
8722060000000.0,9714.01,Low-value
8722140000000.0,7705.01,Low-value
8722190000000.0,6619.0,Low-value
8722750000000.0,13884.01,Low-value
8722900000000.0,13307.01,Low-value
8723020000000.0,6995.0,Low-value
8723110000000.0,12921.01,Low-value
8723200000000.0,5160.01,Low-value
8723890000000.0,6090.0,Low-value
8723920000000.0,12269.03,Low-value
8724050000000.0,10511.0,Low-value
8724110000000.0,13134.0,Low-value
8724350000000.0,5927.01,Low-value
8724440000000.0,8221.01,Low-value
8724450000000.0,12695.01,Low-value
8725240000000.0,8302.01,Low-value
8725410000000.0,11209.01,Low-value
8726070000000.0,12962.01,Low-value
8726380000000.0,4557.0,Low-value
8726410000000.0,11754.0,Low-value
8726620000000.0,6198.01,Low-value
8726720000000.0,8268.01,Low-value
8726950000000.0,5713.0,Low-value
8727120000000.0,7402.01,Low-value
8727510000000.0,8609.0,Low-value
8727690000000.0,10525.01,Low-value
8727730000000.0,12436.01,Low-value
8727740000000.0,3054.01,Low-value
8727760000000.0,5870.01,Low-value
8728060000000.0,6212.01,Low-value
8728120000000.0,6711.01,Low-value
8728130000000.0,10587.01,Low-value
8728520000000.0,5283.02,Low-value
8728590000000.0,11851.01,Low-value
8728700000000.0,6988.0,Low-value
8728740000000.0,12119.01,Low-value
8728810000000.0,13414.01,Low-value
8728850000000.0,11222.0,Low-value
8728860000000.0,3586.0,Low-value
8729540000000.0,9445.0,Low-value
8729650000000.0,12999.0,Low-value
8729800000000.0,3795.0,Low-value
8729880000000.0,3517.01,Low-value
8730290000000.0,11208.02,Low-value
8730310000000.0,8449.01,Low-value
8730340000000.0,8335.01,Low-value
8730920000000.0,5607.01,Low-value
8731150000000.0,7419.01,Low-value
8731230000000.0,6304.0,Low-value
8731240000000.0,10679.03,Low-value
8731260000000.0,9764.0,Low-value
8731480000000.0,12307.04,Low-value
8731780000000.0,10923.03,Low-value
8733360000000.0,5788.0,Low-value
8733540000000.0,5728.02,Low-value
8733590000000.0,12563.01,Low-value
8733640000000.0,8771.0,Low-value
8733720000000.0,3195.0,Low-value
8734340000000.0,13531.02,Low-value
8734370000000.0,8327.0,Low-value
8735230000000.0,2785.01,Low-value
8735680000000.0,4794.01,Low-value
8735890000000.0,10997.0,Low-value
8736520000000.0,3436.01,Low-value
8736900000000.0,3400.0,Low-value
8736920000000.0,9803.01,Low-value
8736960000000.0,6715.01,Low-value
8736970000000.0,12054.01,Low-value
8738150000000.0,12769.01,Low-value
8738350000000.0,11546.01,Low-value
8738360000000.0,6266.0,Low-value
8738830000000.0,8061.01,Low-value
8738850000000.0,7782.0,Low-value
8739350000000.0,7316.01,Low-value
8740080000000.0,9117.02,Low-value
8740560000000.0,4712.01,Low-value
8740570000000.0,12196.01,Low-value
8740620000000.0,8267.01,Low-value
8740640000000.0,2945.0,Low-value
8740670000000.0,10281.01,Low-value
8741140000000.0,13222.01,Low-value
8741630000000.0,7339.01,Low-value
8741640000000.0,4767.02,Low-value
8741720000000.0,1530.01,Low-value
8742750000000.0,12082.0,Low-value
8742850000000.0,12444.01,Low-value
8742890000000.0,7965.0,Low-value
8742980000000.0,12100.01,Low-value
8743010000000.0,2869.0,Low-value
8743850000000.0,12898.02,Low-value
8743870000000.0,4091.02,Low-value
8744160000000.0,10084.0,Low-value
8744810000000.0,10335.01,Low-value
8744820000000.0,10470.02,Low-value
8745300000000.0,3125.0,Low-value
8745380000000.0,2799.01,Low-value
8747150000000.0,8407.01,Low-value
8747420000000.0,2893.0,Low-value
8747690000000.0,7926.0,Low-value
8747930000000.0,1564.01,Low-value
8747940000000.0,6167.01,Low-value
8747980000000.0,8435.0,Low-value
8748140000000.0,11350.0,Low-value
8748250000000.0,4852.01,Low-value
8748290000000.0,7416.0,Low-value
8748880000000.0,13878.01,Low-value
8749080000000.0,10669.0,Low-value
8749350000000.0,4867.0,Low-value
8749940000000.0,4962.0,Low-value
8749950000000.0,4441.0,Low-value
8749960000000.0,9263.0,Low-value
8750030000000.0,4708.01,Low-value
8750180000000.0,5781.02,Low-value
8750210000000.0,1864.0,Low-value
8750310000000.0,4356.0,Low-value
8750420000000.0,8566.0,Low-value
8751880000000.0,2575.0,Low-value
8751900000000.0,11740.01,Low-value
8751930000000.0,7537.02,Low-value
8752410000000.0,3528.01,Low-value
8753120000000.0,12756.01,Low-value
8753220000000.0,14282.01,Low-value
8753420000000.0,6758.0,Low-value
8754810000000.0,13405.01,Low-value
8755840000000.0,8887.0,Low-value
8756220000000.0,4488.0,Low-value
8758020000000.0,10572.0,Low-value
8758100000000.0,11616.0,Low-value
8758310000000.0,11104.0,Low-value
8758470000000.0,13431.01,Low-value
8758910000000.0,11100.01,Low-value
8759020000000.0,13700.02,Low-value
8759050000000.0,5774.02,Low-value
8759650000000.0,4906.01,Low-value
8759670000000.0,13384.01,Low-value
8759700000000.0,5689.0,Low-value
8760040000000.0,12025.01,Low-value
8761800000000.0,5390.0,Low-value
8761870000000.0,12257.03,Low-value
8762100000000.0,7128.0,Low-value
8762170000000.0,8640.0,Low-value
8762810000000.0,3319.0,Low-value
8762850000000.0,8976.0,Low-value
8763320000000.0,9154.0,Low-value
8764580000000.0,13457.0,Low-value
8765060000000.0,12006.01,Low-value
8765130000000.0,6637.0,Low-value
8765160000000.0,3271.0,Low-value
8765210000000.0,10542.01,Low-value
8765340000000.0,6301.01,Low-value
8765430000000.0,1692.01,Low-value
8765700000000.0,9180.02,Low-value
8766790000000.0,10126.01,Low-value
8766980000000.0,11403.02,Low-value
8768440000000.0,13394.01,Low-value
8768930000000.0,3096.01,Low-value
8769000000000.0,9853.0,Low-value
8769550000000.0,3371.0,Low-value
8770070000000.0,3618.0,Low-value
8770100000000.0,11302.01,Low-value
8770230000000.0,5875.01,Low-value
8771130000000.0,8061.0,Low-value
8773240000000.0,6646.0,Low-value
8773250000000.0,12869.01,Low-value
8774620000000.0,13918.02,Low-value
8774690000000.0,8321.0,Low-value
8774840000000.0,5579.0,Low-value
8775040000000.0,9162.01,Low-value
8775980000000.0,11119.02,Low-value
8776510000000.0,5403.02,Low-value
8776820000000.0,8522.0,Low-value
8778540000000.0,10134.0,Low-value
8778570000000.0,3379.0,Low-value
8779080000000.0,9537.0,Low-value
8780390000000.0,7336.01,Low-value
8780490000000.0,11918.01,Low-value
8780510000000.0,13830.02,Low-value
8780770000000.0,8333.0,Low-value
8781090000000.0,6314.0,Low-value
8781160000000.0,1799.0,Low-value
8781380000000.0,7491.0,Low-value
8781780000000.0,12690.01,Low-value
8782080000000.0,9791.01,Low-value
8782100000000.0,2613.0,Low-value
8782180000000.0,8247.0,Low-value
8782260000000.0,12649.01,Low-value
8782300000000.0,2121.0,Low-value
8782420000000.0,8831.01,Low-value
8782520000000.0,9449.0,Low-value
8783000000000.0,2907.01,Low-value
8783030000000.0,11528.01,Low-value
8783280000000.0,13170.01,Low-value
8783610000000.0,5852.0,Low-value
8783620000000.0,6329.02,Low-value
8783890000000.0,13420.0,Low-value
8784080000000.0,3958.0,Low-value
8784090000000.0,8005.01,Low-value
8784370000000.0,7002.0,Low-value
8784410000000.0,6700.02,Low-value
8784960000000.0,7844.0,Low-value
8785020000000.0,7278.0,Low-value
8785030000000.0,9976.01,Low-value
8785130000000.0,10550.01,Low-value
8785290000000.0,7457.01,Low-value
8785300000000.0,12436.01,Low-value
8785490000000.0,10549.0,Low-value
8785510000000.0,5575.01,Low-value
8785570000000.0,11734.01,Low-value
8785860000000.0,10462.01,Low-value
8786090000000.0,8768.01,Low-value
8786290000000.0,6680.0,Low-value
8786310000000.0,2366.0,Low-value
8786360000000.0,8162.0,Low-value
8786520000000.0,7613.01,Low-value
8786670000000.0,4184.0,Low-value
8786710000000.0,7218.01,Low-value
8787080000000.0,6409.0,Low-value
8787280000000.0,12566.0,Low-value
8787370000000.0,11342.01,Low-value
8788000000000.0,8082.02,Low-value
8788060000000.0,3825.01,Low-value
8788090000000.0,7840.03,Low-value
8788240000000.0,11683.02,Low-value
8788390000000.0,5370.02,Low-value
8788410000000.0,12453.0,Low-value
8788420000000.0,6155.0,Low-value
8789010000000.0,4958.01,Low-value
8789020000000.0,8283.0,Low-value
8789100000000.0,7888.04,Low-value
8789130000000.0,3987.01,Low-value
8789270000000.0,7386.01,Low-value
8789340000000.0,10705.0,Low-value
8789370000000.0,9894.0,Low-value
8789490000000.0,12254.01,Low-value
8789770000000.0,5733.0,Low-value
8790030000000.0,10127.03,Low-value
8790120000000.0,8360.0,Low-value
8790180000000.0,14118.01,Low-value
8790270000000.0,12866.28,Low-value
8790380000000.0,1688.01,Low-value
8790710000000.0,10207.0,Low-value
8791550000000.0,3390.02,Low-value
8791630000000.0,9938.01,Low-value
8791840000000.0,11845.01,Low-value
8791880000000.0,7397.0,Low-value
8791990000000.0,3892.0,Low-value
8792110000000.0,9341.01,Low-value
8792270000000.0,2979.0,Low-value
8792330000000.0,10656.0,Low-value
8792360000000.0,11988.02,Low-value
8792390000000.0,13021.01,Low-value
8792620000000.0,7018.0,Low-value
8792660000000.0,2503.0,Low-value
8792690000000.0,8464.01,Low-value
8792720000000.0,3074.0,Low-value
8792920000000.0,6158.0,Low-value
8792940000000.0,9109.01,Low-value
8792960000000.0,8369.01,Low-value
8793110000000.0,7951.0,Low-value
8793290000000.0,3784.0,Low-value
8793570000000.0,4853.01,Low-value
8793740000000.0,12498.02,Low-value
8793840000000.0,2104.01,Low-value
8793860000000.0,3692.0,Low-value
8793920000000.0,6100.0,Low-value
8794020000000.0,4489.01,Low-value
8794040000000.0,10987.01,Low-value
8794290000000.0,11054.05,Low-value
8794330000000.0,9302.01,Low-value
8794920000000.0,6474.0,Low-value
8795680000000.0,4315.0,Low-value
8795730000000.0,10259.0,Low-value
8795760000000.0,6428.0,Low-value
8795830000000.0,11706.01,Low-value
8796070000000.0,8446.01,Low-value
8796160000000.0,14239.02,Low-value
8797190000000.0,14262.02,Low-value
8797240000000.0,5016.02,Low-value
8797340000000.0,7057.0,Low-value
8797440000000.0,3753.0,Low-value
8797480000000.0,4662.0,Low-value
8797500000000.0,3042.0,Low-value
8797630000000.0,9918.01,Low-value
8797690000000.0,13151.0,Low-value
8797990000000.0,4807.01,Low-value
8798060000000.0,1603.0,Low-value
8798090000000.0,4647.01,Low-value
8798180000000.0,3999.01,Low-value
8798190000000.0,5943.02,Low-value
8798320000000.0,9588.01,Low-value
8798340000000.0,5832.02,Low-value
8798610000000.0,5832.0,Low-value
8799010000000.0,5504.01,Low-value
8799100000000.0,12584.0,Low-value
8799180000000.0,4844.01,Low-value
8799210000000.0,4546.01,Low-value
8799440000000.0,6478.01,Low-value
8799970000000.0,4884.0,Low-value
8800020000000.0,6116.02,Low-value
8800180000000.0,5877.0,Low-value
8800350000000.0,13093.0,Low-value
8800420000000.0,12487.01,Low-value
8800500000000.0,11224.01,Low-value
8800710000000.0,9373.02,Low-value
8800810000000.0,6626.01,Low-value
8800920000000.0,2633.01,Low-value
8801300000000.0,1965.01,Low-value
8801360000000.0,5846.01,Low-value
8801390000000.0,3274.0,Low-value
8801640000000.0,12954.01,Low-value
8802420000000.0,10369.01,Low-value
8802580000000.0,9450.0,Low-value
8802610000000.0,9991.0,Low-value
8802710000000.0,14062.0,Low-value
8802730000000.0,8155.01,Low-value
8802740000000.0,6333.02,Low-value
8803170000000.0,6349.0,Low-value
8803340000000.0,6014.01,Low-value
8803380000000.0,2267.01,Low-value
8803520000000.0,7103.01,Low-value
8803540000000.0,14237.0,Low-value
8803550000000.0,4165.01,Low-value
8803720000000.0,7984.01,Low-value
8803740000000.0,4133.0,Low-value
8803760000000.0,13726.0,Low-value
8804150000000.0,10271.01,Low-value
8804160000000.0,9872.01,Low-value
8804220000000.0,11571.01,Low-value
8804350000000.0,11909.0,Low-value
8804620000000.0,12128.01,Low-value
8804860000000.0,1214.0,Low-value
8804890000000.0,14104.03,Low-value
8804920000000.0,6715.0,Low-value
8804990000000.0,13121.01,Low-value
8805120000000.0,7694.03,Low-value
8805140000000.0,13421.02,Low-value
8805150000000.0,5277.0,Low-value
8805190000000.0,6354.0,Low-value
8805210000000.0,7175.01,Low-value
8805270000000.0,3554.0,Low-value
8805300000000.0,13919.01,Low-value
8805400000000.0,11449.0,Low-value
8805420000000.0,8547.01,Low-value
8805730000000.0,3547.01,Low-value
8805800000000.0,7930.0,Low-value
8806050000000.0,5001.0,Low-value
8806480000000.0,11201.01,Low-value
8806560000000.0,8986.0,Low-value
8806610000000.0,11724.03,Low-value
8806730000000.0,6764.01,Low-value
8806820000000.0,13315.02,Low-value
8806990000000.0,3028.0,Low-value
8807000000000.0,11834.02,Low-value
8807020000000.0,8822.02,Low-value
8807160000000.0,8421.02,Low-value
8807290000000.0,10486.0,Low-value
8807730000000.0,11636.03,Low-value
8807770000000.0,8122.01,Low-value
8807780000000.0,6348.02,Low-value
8807830000000.0,3786.02,Low-value
8807990000000.0,3846.0,Low-value
8808060000000.0,3462.0,Low-value
8808530000000.0,14011.0,Low-value
8808540000000.0,11135.0,Low-value
8808550000000.0,13018.01,Low-value
8808600000000.0,9842.01,Low-value
8808630000000.0,8831.0,Low-value
8808670000000.0,6853.01,Low-value
8808720000000.0,3899.01,Low-value
8808760000000.0,7614.02,Low-value
8808790000000.0,6916.01,Low-value
8809050000000.0,9456.01,Low-value
8809430000000.0,10993.02,Low-value
8809480000000.0,3544.0,Low-value
8809490000000.0,8392.0,Low-value
8809700000000.0,12122.0,Low-value
8809860000000.0,4903.0,Low-value
8809940000000.0,8496.0,Low-value
8809980000000.0,751.0,Low-value
8810040000000.0,6622.01,Low-value
8810290000000.0,7949.01,Low-value
8810370000000.0,2745.01,Low-value
8810440000000.0,9284.01,Low-value
8810670000000.0,9091.01,Low-value
8810730000000.0,7466.01,Low-value
8810770000000.0,13384.0,Low-value
8810830000000.0,9410.0,Low-value
8811020000000.0,7108.02,Low-value
8811090000000.0,9786.03,Low-value
8811130000000.0,8237.01,Low-value
8811250000000.0,6622.02,Low-value
8811280000000.0,10450.0,Low-value
8811390000000.0,4508.01,Low-value
8811470000000.0,8032.0,Low-value
8811500000000.0,10103.76,Low-value
8811600000000.0,8056.01,Low-value
8811970000000.0,8196.01,Low-value
8812100000000.0,7892.0,Low-value
8812160000000.0,9419.0,Low-value
8812170000000.0,5502.01,Low-value
8812180000000.0,12736.03,Low-value
8812410000000.0,2108.01,Low-value
8812440000000.0,4045.0,Low-value
8812470000000.0,11587.02,Low-value
8812510000000.0,10091.03,Low-value
8812540000000.0,3607.0,Low-value
8812570000000.0,5533.01,Low-value
8812810000000.0,12589.0,Low-value
8812990000000.0,9220.01,Low-value
8813000000000.0,4372.0,Low-value
8813060000000.0,6345.02,Low-value
8813070000000.0,13511.0,Low-value
8813090000000.0,4284.01,Low-value
8813310000000.0,10832.01,Low-value
8813360000000.0,6464.0,Low-value
8813380000000.0,9688.0,Low-value
8813810000000.0,2899.0,Low-value
8813950000000.0,5617.0,Low-value
8814010000000.0,10701.01,Low-value
8814040000000.0,10343.01,Low-value
8814150000000.0,5994.0,Low-value
8814560000000.0,5699.0,Low-value
8814810000000.0,7313.0,Low-value
8814820000000.0,2223.01,Low-value
8815190000000.0,5534.01,Low-value
8815200000000.0,9135.0,Low-value
8815310000000.0,9516.0,Low-value
8815700000000.0,13239.01,Low-value
8815730000000.0,11689.02,Low-value
8815760000000.0,3475.02,Low-value
8816130000000.0,9519.0,Low-value
8816190000000.0,12667.04,Low-value
8816210000000.0,10870.01,Low-value
8816350000000.0,10570.0,Low-value
8816390000000.0,13731.01,Low-value
8816650000000.0,8889.01,Low-value
8816860000000.0,8146.01,Low-value
8816910000000.0,9919.02,Low-value
8817050000000.0,8814.06,Low-value
8817080000000.0,5199.01,Low-value
8817120000000.0,5138.0,Low-value
8817130000000.0,7453.0,Low-value
8817160000000.0,12774.0,Low-value
8817190000000.0,8636.01,Low-value
8817230000000.0,4054.0,Low-value
8817240000000.0,13187.02,Low-value
8817270000000.0,14195.01,Low-value
8817570000000.0,9670.0,Low-value
8817590000000.0,13540.02,Low-value
8817650000000.0,3447.0,Low-value
8817670000000.0,10382.0,Low-value
8817750000000.0,4763.0,Low-value
8817840000000.0,11629.0,Low-value
8817920000000.0,13034.01,Low-value
8817980000000.0,7233.0,Low-value
8818060000000.0,9016.0,Low-value
8818110000000.0,9588.02,Low-value
8818220000000.0,11174.02,Low-value
8818250000000.0,4517.02,Low-value
8818290000000.0,14050.01,Low-value
8818660000000.0,8225.0,Low-value
8818710000000.0,13380.0,Low-value
8818730000000.0,5783.0,Low-value
8818750000000.0,8955.0,Low-value
8818800000000.0,4545.0,Low-value
8818870000000.0,10066.03,Low-value
8818900000000.0,1904.0,Low-value
8819040000000.0,2863.0,Low-value
8819050000000.0,13315.01,Low-value
8819220000000.0,5138.0,Low-value
8819240000000.0,9489.01,Low-value
8819260000000.0,9076.0,Low-value
8819290000000.0,2112.01,Low-value
8819300000000.0,7592.02,Low-value
8819850000000.0,4838.02,Low-value
8819980000000.0,7275.01,Low-value
8820000000000.0,2258.0,Low-value
8820010000000.0,6267.0,Low-value
